[﻿༄༅༔ ཀུན་ཏུ་བཟང་པོའི་_40_],﻿༄༅༔ ཀུན་ཏུ་བཟང་པོའི་_40_,﻿༄༅༔ ༔_20_,﻿༄༅        ༔_20_,﻿༄༅༔ དཔལ་ཀུན་ཏུ་བཟང་པོའི་_20_
[སྨོན་_100_],སྨོན་_100_,སྨོན་_100_,སྨོན་_100_,སྨོན་_100_
[ལམ་སྟོབས་པོ་ཆེ་ཞེས་བྱ་བ་_40_],ལམ་སྟོབས་པོ་ཆེ་ཞེས་བྱ་བ་_40_,ལམ་སྟོབས་པོ་ཆེ་_40_,ལམ་སྟོབས་པོ་ཆེ་_40_,ལམ་_20_
[བཞུགས་_100_],བཞུགས་_100_,བཞུགས་_100_,བཞུགས་_100_,བཞུགས་_100_
[སོ_100_],སོ_100_,སོ_100_,སོ_100_,སོ_100_
[༔_100_],༔_100_,༔_100_,༔_100_,༔_100_
[ཧོ_100_],ཧོ_100_,ཧོ_100_,ཧོ_100_,ཧོ_100_
[༔ _100_],༔ _100_,༔ _100_,༔ _100_,༔ _100_
[སྣང་_100_],སྣང་_100_,སྣང་_100_,སྣང་_100_,སྣང་_100_
[སྲིད་_100_],སྲིད་_100_,སྲིད་_100_,སྲིད་_100_,སྲིད་_100_
[འཁོར་_100_],འཁོར་_100_,འཁོར་_100_,འཁོར་_100_,འཁོར་_100_
[འདས་_100_],འདས་_100_,འདས་_100_,འདས་_100_,འདས་_100_
[ཐམས་_100_],ཐམས་_100_,ཐམས་_100_,ཐམས་_100_,ཐམས་_100_
[ཅད་_100_],ཅད་_100_,ཅད་_100_,ཅད་_100_,ཅད་_100_
[ཀུན_100_],ཀུན_100_,ཀུན_100_,ཀུན_100_,ཀུན_100_
[༔_100_],༔_100_,༔_100_,༔_100_,༔_100_
[གཞི་_100_],གཞི་_100_,གཞི་_100_,གཞི་_100_,གཞི་_100_
[གཅིག་_100_],གཅིག་_100_,གཅིག་_100_,གཅིག་_100_,གཅིག་_100_
[ལམ་_100_],ལམ་_100_,ལམ་_100_,ལམ་_100_,ལམ་_100_
[གཉིས་_100_],གཉིས་_100_,གཉིས་_100_,གཉིས་_100_,གཉིས་_100_
[འབྲས་_100_],འབྲས་_100_,འབྲས་_100_,འབྲས་_100_,འབྲས་_100_
[བུ་_100_],བུ་_100_,བུ་_100_,བུ་_100_,བུ་_100_
[གཉིས_80_],གཉིས_80_,གཉིས_80_,གཉིས_80_,གཅིས_20_
[༔_100_],༔_100_,༔_100_,༔_100_,༔_100_
[རིག་_100_],རིག་_100_,རིག་_100_,རིག་_100_,རིག་_100_
[དང་_100_],དང་_100_,དང་_100_,དང་_100_,དང་_100_
[མ་_100_],མ་_100_,མ་_100_,མ་_100_,མ་_100_
[རིག་_100_],རིག་_100_,རིག་_100_,རིག་_100_,རིག་_100_
[ཆོ་_100_],ཆོ་_100_,ཆོ་_100_,ཆོ་_100_,ཆོ་_100_
[འཕྲུལ་_100_],འཕྲུལ་_100_,འཕྲུལ་_100_,འཕྲུལ་_100_,འཕྲུལ་_100_
[ཏེ_100_],ཏེ_100_,ཏེ_100_,ཏེ_100_,ཏེ_100_
[༔_100_],༔_100_,༔_100_,༔_100_,༔_100_
[ཀུན་_100_],ཀུན་_100_,ཀུན་_100_,ཀུན་_100_,ཀུན་_100_
[ཏུ་_100_],ཏུ་_100_,ཏུ་_100_,ཏུ་_100_,ཏུ་_100_
[བཟང་_100_],བཟང་_100_,བཟང་_100_,བཟང་_100_,བཟང་_100_
[པོའི་_100_],པོའི་_100_,པོའི་_100_,པོའི་_100_,པོའི་_100_
[སྨོན་_100_],སྨོན་_100_,སྨོན་_100_,སྨོན་_100_,སྨོན་_100_
[ལམ་_100_],ལམ་_100_,ལམ་_100_,ལམ་_100_,ལམ་_100_
[གྱིས_100_],གྱིས_100_,གྱིས_100_,གྱིས_100_,གྱིས_100_
[༔_100_],༔_100_,༔_100_,༔_100_,༔_100_
[ཐམས་_100_],ཐམས་_100_,ཐམས་_100_,ཐམས་_100_,ཐམས་_100_
[ཅད་_100_],ཅད་_100_,ཅད་_100_,ཅད་_100_,ཅད་_100_
[ཆོས་_100_],ཆོས་_100_,ཆོས་_100_,ཆོས་_100_,ཆོས་_100_
[དབྱིངས་_100_],དབྱིངས་_100_,དབྱིངས་_100_,དབྱིངས་_100_,དབྱིངས་_100_
[ཕོ་_100_],ཕོ་_100_,ཕོ་_100_,ཕོ་_100_,ཕོ་_100_
[བྲང་_100_],བྲང་_100_,བྲང་_100_,བྲང་_100_,བྲང་_100_
[དུ_100_],དུ_100_,དུ_100_,དུ_100_,དུ_100_
[༔_100_],༔_100_,༔_100_,༔_100_,༔_100_
[མངོན་_100_],མངོན་_100_,མངོན་_100_,མངོན་_100_,མངོན་_100_
[པར་_100_],པར་_100_,པར་_100_,པར་_100_,པར་_100_
[རྫོགས་_100_],རྫོགས་_100_,རྫོགས་_100_,རྫོགས་_100_,རྫོགས་_100_
[ཏེ་སངས་རྒྱས་_40_],ཏེ་སངས་རྒྱས་_40_,ཏེ་འཚང་རྒྱ་_40_,ཏེ་འཚང་རྒྱ་_40_,པར་འཚང་རྒྱ་_20_
[ཤོག_100_],ཤོག_100_,ཤོག_100_,ཤོག_100_,ཤོག_100_
[༔_100_],༔_100_,༔_100_,༔_100_,༔_100_
[ཀུན་_100_],ཀུན་_100_,ཀུན་_100_,ཀུན་_100_,ཀུན་_100_
[གྱི་_100_],གྱི་_100_,གྱི་_100_,གྱི་_100_,གྱི་_100_
[གཞི་_100_],གཞི་_100_,གཞི་_100_,གཞི་_100_,གཞི་_100_
[ནི་_100_],ནི་_100_,ནི་_100_,ནི་_100_,ནི་_100_
[འདུས་_100_],འདུས་_100_,འདུས་_100_,འདུས་_100_,འདུས་_100_
[མ་_100_],མ་_100_,མ་_100_,མ་_100_,མ་_100_
[བྱས_100_],བྱས_100_,བྱས_100_,བྱས_100_,བྱས_100_
[༔_100_],༔_100_,༔_100_,༔_100_,༔_100_
[རང་_100_],རང་_100_,རང་_100_,རང་_100_,རང་_100_
[བྱུང་_100_],བྱུང་_100_,བྱུང་_100_,བྱུང་_100_,བྱུང་_100_
[ཀློང་_100_],ཀློང་_100_,ཀློང་_100_,ཀློང་_100_,ཀློང་_100_
[ཡངས་_100_],ཡངས་_100_,ཡངས་_100_,ཡངས་_100_,ཡངས་_100_
[བརྗོད་_100_],བརྗོད་_100_,བརྗོད་_100_,བརྗོད་_100_,བརྗོད་_100_
[དུ་_100_],དུ་_100_,དུ་_100_,དུ་_100_,དུ་_100_
[མེད_100_],མེད_100_,མེད_100_,མེད_100_,མེད_100_
[༔_100_],༔_100_,༔_100_,༔_100_,༔_100_
[འཁོར་_100_],འཁོར་_100_,འཁོར་_100_,འཁོར་_100_,འཁོར་_100_
[འདས་_100_],འདས་_100_,འདས་_100_,འདས་_100_,འདས་_100_
[གཉིས་_100_],གཉིས་_100_,གཉིས་_100_,གཉིས་_100_,གཉིས་_100_
[ཀའི་_100_],ཀའི་_100_,ཀའི་_100_,ཀའི་_100_,ཀའི་_100_
མིད་མདེ་_40_,མིད་མདེ་_40_,[མིང་མེད་_60_],མིང་མེད་_60_,མིང་མེད་_60_
[དོ_100_],དོ_100_,དོ_100_,དོ_100_,དོ_100_
[༔_100_],༔_100_,༔_100_,༔_100_,༔_100_
[དེ་_100_],དེ་_100_,དེ་_100_,དེ་_100_,དེ་_100_
[ཉིད་_100_],ཉིད་_100_,ཉིད་_100_,ཉིད་_100_,ཉིད་_100_
[རིག་_100_],རིག་_100_,རིག་_100_,རིག་_100_,རིག་_100_
[ན་_100_],ན་_100_,ན་_100_,ན་_100_,ན་_100_
[སངས་_100_],སངས་_100_,སངས་_100_,སངས་_100_,སངས་_100_
[རྒྱས་_100_],རྒྱས་_100_,རྒྱས་_100_,རྒྱས་_100_,རྒྱས་_100_
[ཏེ_100_],ཏེ_100_,ཏེ_100_,ཏེ_100_,ཏེ_100_
[༔_100_],༔_100_,༔_100_,༔_100_,༔_100_
[མ་_100_],མ་_100_,མ་_100_,མ་_100_,མ་_100_
[རིག་_100_],རིག་_100_,རིག་_100_,རིག་_100_,རིག་_100_
[སེམས་_100_],སེམས་_100_,སེམས་_100_,སེམས་_100_,སེམས་_100_
[ཅན་_100_],ཅན་_100_,ཅན་_100_,ཅན་_100_,ཅན་_100_
[འཁོར་_100_],འཁོར་_100_,འཁོར་_100_,འཁོར་_100_,འཁོར་_100_
[བར་_100_],བར་_100_,བར་_100_,བར་_100_,བར་_100_
[འཁྱམས_100_],འཁྱམས_100_,འཁྱམས_100_,འཁྱམས_100_,འཁྱམས_100_
[༔_100_],༔_100_,༔_100_,༔_100_,༔_100_
[ཁམས་_100_],ཁམས་_100_,ཁམས་_100_,ཁམས་_100_,ཁམས་_100_
[གསུམ་_100_],གསུམ་_100_,གསུམ་_100_,གསུམ་_100_,གསུམ་_100_
[སེམས་_100_],སེམས་_100_,སེམས་_100_,སེམས་_100_,སེམས་_100_
[ཅན་_100_],ཅན་_100_,ཅན་_100_,ཅན་_100_,ཅན་_100_
[ཐམས་_100_],ཐམས་_100_,ཐམས་_100_,ཐམས་_100_,ཐམས་_100_
[ཅད་_100_],ཅད་_100_,ཅད་_100_,ཅད་_100_,ཅད་_100_
ཀུན_40_,ཀུན_40_,[ཀྱིས_60_],ཀྱིས_60_,ཀྱིས_60_
[༔_100_],༔_100_,༔_100_,༔_100_,༔_100_
[བརྗོད་_100_],བརྗོད་_100_,བརྗོད་_100_,བརྗོད་_100_,བརྗོད་_100_
[མེད་_100_],མེད་_100_,མེད་_100_,མེད་_100_,མེད་_100_
[གཞི་_100_],གཞི་_100_,གཞི་_100_,གཞི་_100_,གཞི་_100_
[དོན་_100_],དོན་_100_,དོན་_100_,དོན་_100_,དོན་_100_
[རིག་_100_],རིག་_100_,རིག་_100_,རིག་_100_,རིག་_100_
[པར་_100_],པར་_100_,པར་_100_,པར་_100_,པར་_100_
[ཤོག_100_],ཤོག_100_,ཤོག_100_,ཤོག_100_,ཤོག_100_
[༔_100_],༔_100_,༔_100_,༔_100_,༔_100_
[ཀུན་_100_],ཀུན་_100_,ཀུན་_100_,ཀུན་_100_,ཀུན་_100_
[ཏུ་_100_],ཏུ་_100_,ཏུ་_100_,ཏུ་_100_,ཏུ་_100_
[བཟང་_100_],བཟང་_100_,བཟང་_100_,བཟང་_100_,བཟང་_100_
[པོ་_100_],པོ་_100_,པོ་_100_,པོ་_100_,པོ་_100_
[ང་_100_],ང་_100_,ང་_100_,ང་_100_,ང་_100_
ཉིད་_40_,ཉིད་_40_,[ཡིས་_60_],ཡིས་_60_,ཡིས་_60_
[ཀྱང་_100_],ཀྱང་_100_,ཀྱང་_100_,ཀྱང་_100_,ཀྱང་_100_
[༔_100_],༔_100_,༔_100_,༔_100_,༔_100_
[རྒྱུ་_100_],རྒྱུ་_100_,རྒྱུ་_100_,རྒྱུ་_100_,རྒྱུ་_100_
[རྐྱེན་_100_],རྐྱེན་_100_,རྐྱེན་_100_,རྐྱེན་_100_,རྐྱེན་_100_
[མེད་_100_],མེད་_100_,མེད་_100_,མེད་_100_,མེད་_100_
[པ་_100_],པ་_100_,པ་_100_,པ་_100_,པ་_100_
[གཞི་_100_],གཞི་_100_,གཞི་_100_,གཞི་_100_,གཞི་_100_
[ཡི་_100_],ཡི་_100_,ཡི་_100_,ཡི་_100_,ཡི་_100_
[དོན_100_],དོན_100_,དོན_100_,དོན_100_,དོན_100_
[༔_100_],༔_100_,༔_100_,༔_100_,༔_100_
[དེ་_100_],དེ་_100_,དེ་_100_,དེ་_100_,དེ་_100_
[ཉིད་_100_],ཉིད་_100_,ཉིད་_100_,ཉིད་_100_,ཉིད་_100_
[གཞི་_100_],གཞི་_100_,གཞི་_100_,གཞི་_100_,གཞི་_100_
[ལ་_80_],ལ་_80_,ལ་_80_,ལ་_80_,ལས་_20_
[རང་_100_],རང་_100_,རང་_100_,རང་_100_,རང་_100_
[བྱུང་_100_],བྱུང་_100_,བྱུང་_100_,བྱུང་_100_,བྱུང་_100_
[རིག_100_],རིག_100_,རིག_100_,རིག_100_,རིག_100_
[༔_100_],༔_100_,༔_100_,༔_100_,༔_100_
[ཕྱི་_100_],ཕྱི་_100_,ཕྱི་_100_,ཕྱི་_100_,ཕྱི་_100_
[ནང་_100_],ནང་_100_,ནང་_100_,ནང་_100_,ནང་_100_
[སྒྲོ་_100_],སྒྲོ་_100_,སྒྲོ་_100_,སྒྲོ་_100_,སྒྲོ་_100_
[སྐུར་_100_],སྐུར་_100_,སྐུར་_100_,སྐུར་_100_,སྐུར་_100_
[སྐྱོན་_100_],སྐྱོན་_100_,སྐྱོན་_100_,སྐྱོན་_100_,སྐྱོན་_100_
[མ་_100_],མ་_100_,མ་_100_,མ་_100_,མ་_100_
[བཏགས_100_],བཏགས_100_,བཏགས_100_,བཏགས_100_,བཏགས_100_
[༔_100_],༔_100_,༔_100_,༔_100_,༔_100_
[དྲན་_100_],དྲན་_100_,དྲན་_100_,དྲན་_100_,དྲན་_100_
[མེད་_100_],མེད་_100_,མེད་_100_,མེད་_100_,མེད་_100_
[མུན་_100_],མུན་_100_,མུན་_100_,མུན་_100_,མུན་_100_
[པའི་_100_],པའི་_100_,པའི་_100_,པའི་_100_,པའི་_100_
[དྲིས་_40_],དྲིས་_40_,སྒྲིབ་_40_,སྒྲིབ་_40_,དྲི་_20_
[མ་_100_],མ་_100_,མ་_100_,མ་_100_,མ་_100_
[གོས_80_],གོས_80_,གོས_80_,གོས_80_,མེད_20_
[༔_100_],༔_100_,༔_100_,༔_100_,༔_100_
[དེ་_100_],དེ་_100_,དེ་_100_,དེ་_100_,དེ་_100_
[ཕྱིར་_100_],ཕྱིར་_100_,ཕྱིར་_100_,ཕྱིར་_100_,ཕྱིར་_100_
[རང་_100_],རང་_100_,རང་_100_,རང་_100_,རང་_100_
[སྣང་_100_],སྣང་_100_,སྣང་_100_,སྣང་_100_,སྣང་_100_
[སྐྱོན་_100_],སྐྱོན་_100_,སྐྱོན་_100_,སྐྱོན་_100_,སྐྱོན་_100_
[མ་_100_],མ་_100_,མ་_100_,མ་_100_,མ་_100_
[གོས_100_],གོས_100_,གོས_100_,གོས_100_,གོས_100_
[༔_100_],༔_100_,༔_100_,༔_100_,༔_100_
[རང་_100_],རང་_100_,རང་_100_,རང་_100_,རང་_100_
[རིག་_100_],རིག་_100_,རིག་_100_,རིག་_100_,རིག་_100_
[སོ་_100_],སོ་_100_,སོ་_100_,སོ་_100_,སོ་_100_
[ལ་_100_],ལ་_100_,ལ་_100_,ལ་_100_,ལ་_100_
[གནས་_100_],གནས་_100_,གནས་_100_,གནས་_100_,གནས་_100_
[པ་_100_],པ་_100_,པ་_100_,པ་_100_,པ་_100_
[ལ_100_],ལ_100_,ལ_100_,ལ_100_,ལ_100_
[༔_100_],༔_100_,༔_100_,༔_100_,༔_100_
[སྲིད་_100_],སྲིད་_100_,སྲིད་_100_,སྲིད་_100_,སྲིད་_100_
[གསུམ་_100_],གསུམ་_100_,གསུམ་_100_,གསུམ་_100_,གསུམ་_100_
[འཇིག་_80_],འཇིག་_80_,འཇིག་_80_,འཇིག་_80_,འཇིགས་_20_
[ཀྱང་_100_],ཀྱང་_100_,ཀྱང་_100_,ཀྱང་_100_,ཀྱང་_100_
སྔངས་_40_,སྔངས་_40_,[དངངས་_60_],དངངས་_60_,དངངས་_60_
[སྐྲག་_100_],སྐྲག་_100_,སྐྲག་_100_,སྐྲག་_100_,སྐྲག་_100_
[མེད_100_],མེད_100_,མེད_100_,མེད_100_,མེད_100_
༔_40_,༔_40_,[༔སྣང་སེམས་གཉིས་སུ་མེད་པ་ལ།_60_],༔སྣང་སེམས་གཉིས་སུ་མེད་པ་ལ།_60_,༔སྣང་སེམས་གཉིས་སུ་མེད་པ་ལ།_60_
[འདོད་_100_],འདོད་_100_,འདོད་_100_,འདོད་_100_,འདོད་_100_
[ཡོན་_100_],ཡོན་_100_,ཡོན་_100_,ཡོན་_100_,ཡོན་_100_
[ལྔ་_100_],ལྔ་_100_,ལྔ་_100_,ལྔ་_100_,ལྔ་_100_
[ལ་_100_],ལ་_100_,ལ་_100_,ལ་_100_,ལ་_100_
[ཆགས་_100_],ཆགས་_100_,ཆགས་_100_,ཆགས་_100_,ཆགས་_100_
[པ་_100_],པ་_100_,པ་_100_,པ་_100_,པ་_100_
[མེད_100_],མེད_100_,མེད_100_,མེད_100_,མེད_100_
[༔_100_],༔_100_,༔_100_,༔_100_,༔_100_
[རྟོག་_100_],རྟོག་_100_,རྟོག་_100_,རྟོག་_100_,རྟོག་_100_
[མེད་_100_],མེད་_100_,མེད་_100_,མེད་_100_,མེད་_100_
[ཤེས་_100_],ཤེས་_100_,ཤེས་_100_,ཤེས་_100_,ཤེས་_100_
[པ་_100_],པ་_100_,པ་_100_,པ་_100_,པ་_100_
[རང་_100_],རང་_100_,རང་_100_,རང་_100_,རང་_100_
[བྱུང་_100_],བྱུང་_100_,བྱུང་_100_,བྱུང་_100_,བྱུང་_100_
[ལ_100_],ལ_100_,ལ_100_,ལ_100_,ལ_100_
[༔_100_],༔_100_,༔_100_,༔_100_,༔_100_
[གདོས་_60_],གདོས་_60_,རྡོས་_40_,རྡོས་_40_,གདོས་_60_
[པའི་_100_],པའི་_100_,པའི་_100_,པའི་_100_,པའི་_100_
[གཟུགས་_100_],གཟུགས་_100_,གཟུགས་_100_,གཟུགས་_100_,གཟུགས་_100_
[དང་_100_],དང་_100_,དང་_100_,དང་_100_,དང་_100_
ཁ་དོག་_40_,ཁ་དོག་_40_,[དུག་ལྔ་_60_],དུག་ལྔ་_60_,དུག་ལྔ་_60_
[མེད_100_],མེད_100_,མེད_100_,མེད_100_,མེད_100_
[༔_100_],༔_100_,༔_100_,༔_100_,༔_100_
[རིག་_100_],རིག་_100_,རིག་_100_,རིག་_100_,རིག་_100_
[པའི་_100_],པའི་_100_,པའི་_100_,པའི་_100_,པའི་_100_
[གསལ་_100_],གསལ་_100_,གསལ་_100_,གསལ་_100_,གསལ་_100_
[ཆ་_100_],ཆ་_100_,ཆ་_100_,ཆ་_100_,ཆ་_100_
[མ་_100_],མ་_100_,མ་_100_,མ་_100_,མ་_100_
[འགགས་_100_],འགགས་_100_,འགགས་_100_,འགགས་_100_,འགགས་_100_
[པ_80_],པ_80_,པ_80_,པ_80_,པའི_20_
[༔_100_],༔_100_,༔_100_,༔_100_,༔_100_
[ངོ་_100_],ངོ་_100_,ངོ་_100_,ངོ་_100_,ངོ་_100_
[བོ་_100_],བོ་_100_,བོ་_100_,བོ་_100_,བོ་_100_
[གཅིག་_100_],གཅིག་_100_,གཅིག་_100_,གཅིག་_100_,གཅིག་_100_
[ལ་_100_],ལ་_100_,ལ་_100_,ལ་_100_,ལ་_100_
[ཡེ་_100_],ཡེ་_100_,ཡེ་_100_,ཡེ་_100_,ཡེ་_100_
[ཤེས་_100_],ཤེས་_100_,ཤེས་_100_,ཤེས་_100_,ཤེས་_100_
[ལྔ_100_],ལྔ_100_,ལྔ_100_,ལྔ_100_,ལྔ_100_
[༔_100_],༔_100_,༔_100_,༔_100_,༔_100_
[ཡེ་_100_],ཡེ་_100_,ཡེ་_100_,ཡེ་_100_,ཡེ་_100_
[ཤེས་_100_],ཤེས་_100_,ཤེས་_100_,ཤེས་_100_,ཤེས་_100_
[ལྔ་_100_],ལྔ་_100_,ལྔ་_100_,ལྔ་_100_,ལྔ་_100_
[པོ་_100_],པོ་_100_,པོ་_100_,པོ་_100_,པོ་_100_
[སྨིན་_100_],སྨིན་_100_,སྨིན་_100_,སྨིན་_100_,སྨིན་_100_
[པ་_100_],པ་_100_,པ་_100_,པ་_100_,པ་_100_
[ལས_100_],ལས_100_,ལས_100_,ལས_100_,ལས_100_
[༔_100_],༔_100_,༔_100_,༔_100_,༔_100_
[ཐོག་_100_],ཐོག་_100_,ཐོག་_100_,ཐོག་_100_,ཐོག་_100_
[མའི་_100_],མའི་_100_,མའི་_100_,མའི་_100_,མའི་_100_
[སངས་_100_],སངས་_100_,སངས་_100_,སངས་_100_,སངས་_100_
[རྒྱས་_100_],རྒྱས་_100_,རྒྱས་_100_,རྒྱས་_100_,རྒྱས་_100_
[རིགས་_100_],རིགས་_100_,རིགས་_100_,རིགས་_100_,རིགས་_100_
[ལྔ་_100_],ལྔ་_100_,ལྔ་_100_,ལྔ་_100_,ལྔ་_100_
[བྱུང_100_],བྱུང_100_,བྱུང_100_,བྱུང_100_,བྱུང_100_
[༔_100_],༔_100_,༔_100_,༔_100_,༔_100_
[དེ་_100_],དེ་_100_,དེ་_100_,དེ་_100_,དེ་_100_
[ལས་_80_],ལས་_80_,ལས་_80_,ལ་_20_,ལས་_80_
[ཡེ་_100_],ཡེ་_100_,ཡེ་_100_,ཡེ་_100_,ཡེ་_100_
[ཤེས་_100_],ཤེས་_100_,ཤེས་_100_,ཤེས་_100_,ཤེས་_100_
[མཐའ་_100_],མཐའ་_100_,མཐའ་_100_,མཐའ་_100_,མཐའ་_100_
[རྒྱས་_100_],རྒྱས་_100_,རྒྱས་_100_,རྒྱས་_100_,རྒྱས་_100_
[པས_100_],པས_100_,པས_100_,པས_100_,པས_100_
[༔_100_],༔_100_,༔_100_,༔_100_,༔_100_
[སངས་_100_],སངས་_100_,སངས་_100_,སངས་_100_,སངས་_100_
[རྒྱས་_100_],རྒྱས་_100_,རྒྱས་_100_,རྒྱས་_100_,རྒྱས་_100_
[བཞི་_100_],བཞི་_100_,བཞི་_100_,བཞི་_100_,བཞི་_100_
[བཅུ་_100_],བཅུ་_100_,བཅུ་_100_,བཅུ་_100_,བཅུ་_100_
[རྩ་_100_],རྩ་_100_,རྩ་_100_,རྩ་_100_,རྩ་_100_
[གཉིས་_100_],གཉིས་_100_,གཉིས་_100_,གཉིས་_100_,གཉིས་_100_
[བྱུང་_100_],བྱུང་_100_,བྱུང་_100_,བྱུང་_100_,བྱུང་_100_
[༔_100_],༔_100_,༔_100_,༔_100_,༔_100_
[ཡེ་_100_],ཡེ་_100_,ཡེ་_100_,ཡེ་_100_,ཡེ་_100_
[ཤེས་_100_],ཤེས་_100_,ཤེས་_100_,ཤེས་_100_,ཤེས་_100_
[ལྔ་_100_],ལྔ་_100_,ལྔ་_100_,ལྔ་_100_,ལྔ་_100_
[ཡི་_100_],ཡི་_100_,ཡི་_100_,ཡི་_100_,ཡི་_100_
[རྩལ་_100_],རྩལ་_100_,རྩལ་_100_,རྩལ་_100_,རྩལ་_100_
[ཤར་_100_],ཤར་_100_,ཤར་_100_,ཤར་_100_,ཤར་_100_
[བས_100_],བས_100_,བས_100_,བས_100_,བས_100_
[༔_100_],༔_100_,༔_100_,༔_100_,༔_100_
[ཁྲག་_100_],ཁྲག་_100_,ཁྲག་_100_,ཁྲག་_100_,ཁྲག་_100_
[འཐུང་_100_],འཐུང་_100_,འཐུང་_100_,འཐུང་_100_,འཐུང་_100_
[དྲུག་_100_],དྲུག་_100_,དྲུག་_100_,དྲུག་_100_,དྲུག་_100_
[ཅུ་_100_],ཅུ་_100_,ཅུ་_100_,ཅུ་_100_,ཅུ་_100_
[ཐམ་_100_],ཐམ་_100_,ཐམ་_100_,ཐམ་_100_,ཐམ་_100_
[པ་_100_],པ་_100_,པ་_100_,པ་_100_,པ་_100_
[བྱུང་_100_],བྱུང་_100_,བྱུང་_100_,བྱུང་_100_,བྱུང་_100_
[༔_100_],༔_100_,༔_100_,༔_100_,༔_100_
[དེ་_100_],དེ་_100_,དེ་_100_,དེ་_100_,དེ་_100_
[ཕྱིར་_100_],ཕྱིར་_100_,ཕྱིར་_100_,ཕྱིར་_100_,ཕྱིར་_100_
[གཞི་_100_],གཞི་_100_,གཞི་_100_,གཞི་_100_,གཞི་_100_
[རིག་_100_],རིག་_100_,རིག་_100_,རིག་_100_,རིག་_100_
[འཁྲུལ་_100_],འཁྲུལ་_100_,འཁྲུལ་_100_,འཁྲུལ་_100_,འཁྲུལ་_100_
[མ་_100_],མ་_100_,མ་_100_,མ་_100_,མ་_100_
[མྱོང་_100_],མྱོང་_100_,མྱོང་_100_,མྱོང་_100_,མྱོང་_100_
[༔_100_],༔_100_,༔_100_,༔_100_,༔_100_
[ཐོག་_100_],ཐོག་_100_,ཐོག་_100_,ཐོག་_100_,ཐོག་_100_
[མའི་_100_],མའི་_100_,མའི་_100_,མའི་_100_,མའི་_100_
[སངས་_100_],སངས་_100_,སངས་_100_,སངས་_100_,སངས་_100_
[རྒྱས་_100_],རྒྱས་_100_,རྒྱས་_100_,རྒྱས་_100_,རྒྱས་_100_
[ང་_100_],ང་_100_,ང་_100_,ང་_100_,ང་_100_
[ཡིན་_100_],ཡིན་_100_,ཡིན་_100_,ཡིན་_100_,ཡིན་_100_
[པས_100_],པས_100_,པས_100_,པས_100_,པས_100_
[༔_100_],༔_100_,༔_100_,༔_100_,༔_100_
[ང་_100_],ང་_100_,ང་_100_,ང་_100_,ང་_100_
[ཡི་_100_],ཡི་_100_,ཡི་_100_,ཡི་_100_,ཡི་_100_
[སྨོན་_100_],སྨོན་_100_,སྨོན་_100_,སྨོན་_100_,སྨོན་_100_
[ལམ་_100_],ལམ་_100_,ལམ་_100_,ལམ་_100_,ལམ་_100_
[བཏབ་_100_],བཏབ་_100_,བཏབ་_100_,བཏབ་_100_,བཏབ་_100_
[པ་_100_],པ་_100_,པ་_100_,པ་_100_,པ་_100_
[ཡིས_100_],ཡིས_100_,ཡིས_100_,ཡིས_100_,ཡིས_100_
[༔_100_],༔_100_,༔_100_,༔_100_,༔_100_
[ཁམས་_100_],ཁམས་_100_,ཁམས་_100_,ཁམས་_100_,ཁམས་_100_
[གསུམ་_100_],གསུམ་_100_,གསུམ་_100_,གསུམ་_100_,གསུམ་_100_
[འཁོར་_100_],འཁོར་_100_,འཁོར་_100_,འཁོར་_100_,འཁོར་_100_
[བའི་_100_],བའི་_100_,བའི་_100_,བའི་_100_,བའི་_100_
[སེམས་_100_],སེམས་_100_,སེམས་_100_,སེམས་_100_,སེམས་_100_
[ཅན་_100_],ཅན་_100_,ཅན་_100_,ཅན་_100_,ཅན་_100_
[གྱིས_100_],གྱིས_100_,གྱིས_100_,གྱིས_100_,གྱིས_100_
[༔_100_],༔_100_,༔_100_,༔_100_,༔_100_
[རང་_100_],རང་_100_,རང་_100_,རང་_100_,རང་_100_
[བྱུང་_100_],བྱུང་_100_,བྱུང་_100_,བྱུང་_100_,བྱུང་_100_
[རིག་_100_],རིག་_100_,རིག་_100_,རིག་_100_,རིག་_100_
[པ་_100_],པ་_100_,པ་_100_,པ་_100_,པ་_100_
[ངོ་_100_],ངོ་_100_,ངོ་_100_,ངོ་_100_,ངོ་_100_
[ཤེས་_100_],ཤེས་_100_,ཤེས་_100_,ཤེས་_100_,ཤེས་_100_
[ནས_100_],ནས_100_,ནས_100_,ནས_100_,ནས_100_
[༔_100_],༔_100_,༔_100_,༔_100_,༔_100_
[ཡེ་_100_],ཡེ་_100_,ཡེ་_100_,ཡེ་_100_,ཡེ་_100_
[ཤེས་_100_],ཤེས་_100_,ཤེས་_100_,ཤེས་_100_,ཤེས་_100_
[ཆེན་_100_],ཆེན་_100_,ཆེན་_100_,ཆེན་_100_,ཆེན་_100_
[པོ་_100_],པོ་_100_,པོ་_100_,པོ་_100_,པོ་_100_
[མཐའ་_100_],མཐའ་_100_,མཐའ་_100_,མཐའ་_100_,མཐའ་_100_
[རྒྱས་_100_],རྒྱས་_100_,རྒྱས་_100_,རྒྱས་_100_,རྒྱས་_100_
[ཤོག_100_],ཤོག_100_,ཤོག_100_,ཤོག_100_,ཤོག_100_
[༔_100_],༔_100_,༔_100_,༔_100_,༔_100_
[ང་_100_],ང་_100_,ང་_100_,ང་_100_,ང་_100_
[ཡི་_100_],ཡི་_100_,ཡི་_100_,ཡི་_100_,ཡི་_100_
[སྤྲུལ་_100_],སྤྲུལ་_100_,སྤྲུལ་_100_,སྤྲུལ་_100_,སྤྲུལ་_100_
[པ་_100_],པ་_100_,པ་_100_,པ་_100_,པ་_100_
[རྒྱུན་_100_],རྒྱུན་_100_,རྒྱུན་_100_,རྒྱུན་_100_,རྒྱུན་_100_
[མི་_100_],མི་_100_,མི་_100_,མི་_100_,མི་_100_
འཆད_40_,འཆད_40_,[ཆད_60_],ཆད_60_,ཆད_60_
[༔_100_],༔_100_,༔_100_,༔_100_,༔_100_
[བྱེ་_100_],བྱེ་_100_,བྱེ་_100_,བྱེ་_100_,བྱེ་_100_
[བ་_100_],བ་_100_,བ་_100_,བ་_100_,བ་_100_
[ཕྲག་_100_],ཕྲག་_100_,ཕྲག་_100_,ཕྲག་_100_,ཕྲག་_100_
[བརྒྱ་_100_],བརྒྱ་_100_,བརྒྱ་_100_,བརྒྱ་_100_,བརྒྱ་_100_
[བསམ་_100_],བསམ་_100_,བསམ་_100_,བསམ་_100_,བསམ་_100_
[ཡས་_100_],ཡས་_100_,ཡས་_100_,ཡས་_100_,ཡས་_100_
[འགྱེད_100_],འགྱེད_100_,འགྱེད_100_,འགྱེད_100_,འགྱེད_100_
[༔_100_],༔_100_,༔_100_,༔_100_,༔_100_
[གང་_100_],གང་_100_,གང་_100_,གང་_100_,གང་_100_
[ལ་_100_],ལ་_100_,ལ་_100_,ལ་_100_,ལ་_100_
[གང་_100_],གང་_100_,གང་_100_,གང་_100_,གང་_100_
[འདུལ་_100_],འདུལ་_100_,འདུལ་_100_,འདུལ་_100_,འདུལ་_100_
[སྣ་_100_],སྣ་_100_,སྣ་_100_,སྣ་_100_,སྣ་_100_
ཚེགས་_40_,ཚེགས་_40_,[ཚོགས་_60_],ཚོགས་_60_,ཚོགས་_60_
[སྟོན_100_],སྟོན_100_,སྟོན_100_,སྟོན_100_,སྟོན_100_
[༔_100_],༔_100_,༔_100_,༔_100_,༔_100_
[ང་_100_],ང་_100_,ང་_100_,ང་_100_,ང་_100_
[ཡི་_100_],ཡི་_100_,ཡི་_100_,ཡི་_100_,ཡི་_100_
[ཐུགས་_100_],ཐུགས་_100_,ཐུགས་_100_,ཐུགས་_100_,ཐུགས་_100_
རྗེ་_40_,རྗེ་_40_,[རྗེའི་_60_],རྗེའི་_60_,རྗེའི་_60_
[སྨོན་_100_],སྨོན་_100_,སྨོན་_100_,སྨོན་_100_,སྨོན་_100_
[ལམ་_100_],ལམ་_100_,ལམ་_100_,ལམ་_100_,ལམ་_100_
[གྱིས_100_],གྱིས_100_,གྱིས_100_,གྱིས_100_,གྱིས_100_
[༔_100_],༔_100_,༔_100_,༔_100_,༔_100_
[ཁམས་_100_],ཁམས་_100_,ཁམས་_100_,ཁམས་_100_,ཁམས་_100_
[གསུམ་_100_],གསུམ་_100_,གསུམ་_100_,གསུམ་_100_,གསུམ་_100_
[འཁོར་_100_],འཁོར་_100_,འཁོར་_100_,འཁོར་_100_,འཁོར་_100_
[བའི་_100_],བའི་_100_,བའི་_100_,བའི་_100_,བའི་_100_
[སེམས་_100_],སེམས་_100_,སེམས་_100_,སེམས་_100_,སེམས་_100_
[ཅན་_100_],ཅན་_100_,ཅན་_100_,ཅན་_100_,ཅན་_100_
[ཀུན_100_],ཀུན_100_,ཀུན_100_,ཀུན_100_,ཀུན_100_
[༔_100_],༔_100_,༔_100_,༔_100_,༔_100_
[རིགས་_100_],རིགས་_100_,རིགས་_100_,རིགས་_100_,རིགས་_100_
[དྲུག་_100_],དྲུག་_100_,དྲུག་_100_,དྲུག་_100_,དྲུག་_100_
[གནས་_100_],གནས་_100_,གནས་_100_,གནས་_100_,གནས་_100_
[ནས་_100_],ནས་_100_,ནས་_100_,ནས་_100_,ནས་_100_
[འཐོན་_80_],འཐོན་_80_,འཐོན་_80_,ཐོན་_20_,འཐོན་_80_
[པར་_100_],པར་_100_,པར་_100_,པར་_100_,པར་_100_
[ཤོག_100_],ཤོག_100_,ཤོག_100_,ཤོག_100_,ཤོག_100_
[༔_100_],༔_100_,༔_100_,༔_100_,༔_100_
[དང་_100_],དང་_100_,དང་_100_,དང་_100_,དང་_100_
པོའི་_40_,པོའི་_40_,[པོ་_60_],པོ་_60_,པོ་_60_
[སེམས་_100_],སེམས་_100_,སེམས་_100_,སེམས་_100_,སེམས་_100_
[ཅན་_100_],ཅན་_100_,ཅན་_100_,ཅན་_100_,ཅན་_100_
[འཁྲུལ་_100_],འཁྲུལ་_100_,འཁྲུལ་_100_,འཁྲུལ་_100_,འཁྲུལ་_100_
[པ་_100_],པ་_100_,པ་_100_,པ་_100_,པ་_100_
[རྣམས_100_],རྣམས_100_,རྣམས_100_,རྣམས_100_,རྣམས_100_
[༔_100_],༔_100_,༔_100_,༔_100_,༔_100_
[གཞི་_100_],གཞི་_100_,གཞི་_100_,གཞི་_100_,གཞི་_100_
[ལ་_100_],ལ་_100_,ལ་_100_,ལ་_100_,ལ་_100_
[རིག་_100_],རིག་_100_,རིག་_100_,རིག་_100_,རིག་_100_
[པ་_100_],པ་_100_,པ་_100_,པ་_100_,པ་_100_
[མ་_100_],མ་_100_,མ་_100_,མ་_100_,མ་_100_
[ཤར་_100_],ཤར་_100_,ཤར་_100_,ཤར་_100_,ཤར་_100_
[བས_100_],བས_100_,བས_100_,བས_100_,བས_100_
[༔_100_],༔_100_,༔_100_,༔_100_,༔_100_
[ཅི་_100_],ཅི་_100_,ཅི་_100_,ཅི་_100_,ཅི་_100_
[ཡང་_100_],ཡང་_100_,ཡང་_100_,ཡང་_100_,ཡང་_100_
[དྲན་_100_],དྲན་_100_,དྲན་_100_,དྲན་_100_,དྲན་_100_
[མེད་_100_],མེད་_100_,མེད་_100_,མེད་_100_,མེད་_100_
[ཐོམ་_80_],ཐོམ་_80_,ཐོམ་_80_,ཐོམ་_80_,ཐམ་_20_
[མེ་_100_],མེ་_100_,མེ་_100_,མེ་_100_,མེ་_100_
པ_40_,པ_40_,[བ_60_],བ_60_,བ_60_
[༔_100_],༔_100_,༔_100_,༔_100_,༔_100_
[དེ་_100_],དེ་_100_,དེ་_100_,དེ་_100_,དེ་_100_
[ཀ་_60_],ཀ་_60_,ག་_40_,ག་_40_,ཀ་_60_
[མ་_100_],མ་_100_,མ་_100_,མ་_100_,མ་_100_
[རིག་_100_],རིག་_100_,རིག་_100_,རིག་_100_,རིག་_100_
[འཁྲུལ་_100_],འཁྲུལ་_100_,འཁྲུལ་_100_,འཁྲུལ་_100_,འཁྲུལ་_100_
[པའི་_100_],པའི་_100_,པའི་_100_,པའི་_100_,པའི་_100_
[རྒྱུ_100_],རྒྱུ_100_,རྒྱུ_100_,རྒྱུ_100_,རྒྱུ_100_
[༔_100_],༔_100_,༔_100_,༔_100_,༔_100_
[དེ་_100_],དེ་_100_,དེ་_100_,དེ་_100_,དེ་_100_
[ལ་_100_],ལ་_100_,ལ་_100_,ལ་_100_,ལ་_100_
[ཧད་_100_],ཧད་_100_,ཧད་_100_,ཧད་_100_,ཧད་_100_
[ཀྱིས་_100_],ཀྱིས་_100_,ཀྱིས་_100_,ཀྱིས་_100_,ཀྱིས་_100_
[བརྒྱལ་_100_],བརྒྱལ་_100_,བརྒྱལ་_100_,བརྒྱལ་_100_,བརྒྱལ་_100_
[བ་_100_],བ་_100_,བ་_100_,བ་_100_,བ་_100_
ཡིས_40_,ཡིས_40_,[ལས_60_],ལས_60_,ལས_60_
[༔_100_],༔_100_,༔_100_,༔_100_,༔_100_
[དངངས་_100_],དངངས་_100_,དངངས་_100_,དངངས་_100_,དངངས་_100_
[སྐྲག་_100_],སྐྲག་_100_,སྐྲག་_100_,སྐྲག་_100_,སྐྲག་_100_
[ཤེས་_100_],ཤེས་_100_,ཤེས་_100_,ཤེས་_100_,ཤེས་_100_
[པ་_100_],པ་_100_,པ་_100_,པ་_100_,པ་_100_
[ཟ་_100_],ཟ་_100_,ཟ་_100_,ཟ་_100_,ཟ་_100_
[ཟི་_100_],ཟི་_100_,ཟི་_100_,ཟི་_100_,ཟི་_100_
[འགྱུས_100_],འགྱུས_100_,འགྱུས_100_,འགྱུས_100_,འགྱུས_100_
[༔_100_],༔_100_,༔_100_,༔_100_,༔_100_
[དེ་_100_],དེ་_100_,དེ་_100_,དེ་_100_,དེ་_100_
ལས་_40_,ལས་_40_,[ཡང་_60_],ཡང་_60_,ཡང་_60_
[བདག་_100_],བདག་_100_,བདག་_100_,བདག་_100_,བདག་_100_
[གཞན་_100_],གཞན་_100_,གཞན་_100_,གཞན་_100_,གཞན་_100_
[དགྲར་_100_],དགྲར་_100_,དགྲར་_100_,དགྲར་_100_,དགྲར་_100_
[འཛིན་_100_],འཛིན་_100_,འཛིན་_100_,འཛིན་_100_,འཛིན་_100_
[སྐྱེས_100_],སྐྱེས_100_,སྐྱེས_100_,སྐྱེས_100_,སྐྱེས_100_
[༔_100_],༔_100_,༔_100_,༔_100_,༔_100_
[བག་_100_],བག་_100_,བག་_100_,བག་_100_,བག་_100_
[ཆགས་_100_],ཆགས་_100_,ཆགས་_100_,ཆགས་_100_,ཆགས་_100_
[རིམ་_100_],རིམ་_100_,རིམ་_100_,རིམ་_100_,རིམ་_100_
[གྱིས་_60_],གྱིས་_60_,བཞིན་_40_,བཞིན་_40_,གྱིས་_60_
[བརྟས་_100_],བརྟས་_100_,བརྟས་_100_,བརྟས་_100_,བརྟས་_100_
[པ་_100_],པ་_100_,པ་_100_,པ་_100_,པ་_100_
[ལས_80_],ལས_80_,ལས_80_,ལ_20_,ལས_80_
[༔_100_],༔_100_,༔_100_,༔_100_,༔_100_
[འཁོར་_100_],འཁོར་_100_,འཁོར་_100_,འཁོར་_100_,འཁོར་_100_
[བ་_100_],བ་_100_,བ་_100_,བ་_100_,བ་_100_
[ལུགས་_100_],ལུགས་_100_,ལུགས་_100_,ལུགས་_100_,ལུགས་_100_
[སུ་_100_],སུ་_100_,སུ་_100_,སུ་_100_,སུ་_100_
[འཇུག་_100_],འཇུག་_100_,འཇུག་_100_,འཇུག་_100_,འཇུག་_100_
[པ་_100_],པ་_100_,པ་_100_,པ་_100_,པ་_100_
[བྱུང་_100_],བྱུང་_100_,བྱུང་_100_,བྱུང་_100_,བྱུང་_100_
[༔_100_],༔_100_,༔_100_,༔_100_,༔_100_
[དེ་_100_],དེ་_100_,དེ་_100_,དེ་_100_,དེ་_100_
[ལས་_100_],ལས་_100_,ལས་_100_,ལས་_100_,ལས་_100_
[ཉོན་_100_],ཉོན་_100_,ཉོན་_100_,ཉོན་_100_,ཉོན་_100_
[མོངས་_100_],མོངས་_100_,མོངས་_100_,མོངས་_100_,མོངས་_100_
[དུག་_100_],དུག་_100_,དུག་_100_,དུག་_100_,དུག་_100_
[ལྔ་_100_],ལྔ་_100_,ལྔ་_100_,ལྔ་_100_,ལྔ་_100_
[རྒྱས_100_],རྒྱས_100_,རྒྱས_100_,རྒྱས_100_,རྒྱས_100_
[༔_100_],༔_100_,༔_100_,༔_100_,༔_100_
[དུག་_100_],དུག་_100_,དུག་_100_,དུག་_100_,དུག་_100_
[ལྔའི་_100_],ལྔའི་_100_,ལྔའི་_100_,ལྔའི་_100_,ལྔའི་_100_
[ལས་_100_],ལས་_100_,ལས་_100_,ལས་_100_,ལས་_100_
[ལ་_100_],ལ་_100_,ལ་_100_,ལ་_100_,ལ་_100_
[རྒྱུན་_100_],རྒྱུན་_100_,རྒྱུན་_100_,རྒྱུན་_100_,རྒྱུན་_100_
[ཆད་_100_],ཆད་_100_,ཆད་_100_,ཆད་_100_,ཆད་_100_
[མེད_100_],མེད_100_,མེད_100_,མེད_100_,མེད_100_
[༔_100_],༔_100_,༔_100_,༔_100_,༔_100_
[དེ་_100_],དེ་_100_,དེ་_100_,དེ་_100_,དེ་_100_
[ཕྱིར་_100_],ཕྱིར་_100_,ཕྱིར་_100_,ཕྱིར་_100_,ཕྱིར་_100_
[སེམས་_100_],སེམས་_100_,སེམས་_100_,སེམས་_100_,སེམས་_100_
[ཅན་_100_],ཅན་_100_,ཅན་_100_,ཅན་_100_,ཅན་_100_
[འཁྲུལ་_100_],འཁྲུལ་_100_,འཁྲུལ་_100_,འཁྲུལ་_100_,འཁྲུལ་_100_
[པའི་_100_],པའི་_100_,པའི་_100_,པའི་_100_,པའི་_100_
[གཞི_100_],གཞི_100_,གཞི_100_,གཞི_100_,གཞི_100_
[༔_100_],༔_100_,༔_100_,༔_100_,༔_100_
[དྲན་_100_],དྲན་_100_,དྲན་_100_,དྲན་_100_,དྲན་_100_
[མེད་_100_],མེད་_100_,མེད་_100_,མེད་_100_,མེད་_100_
[མ་_100_],མ་_100_,མ་_100_,མ་_100_,མ་_100_
[རིག་_100_],རིག་_100_,རིག་_100_,རིག་_100_,རིག་_100_
[ཡིན་_100_],ཡིན་_100_,ཡིན་_100_,ཡིན་_100_,ཡིན་_100_
[པའི་_100_],པའི་_100_,པའི་_100_,པའི་_100_,པའི་_100_
[ཕྱིར_100_],ཕྱིར_100_,ཕྱིར_100_,ཕྱིར_100_,ཕྱིར_100_
[༔_100_],༔_100_,༔_100_,༔_100_,༔_100_
[སངས་_100_],སངས་_100_,སངས་_100_,སངས་_100_,སངས་_100_
[རྒྱས་_100_],རྒྱས་_100_,རྒྱས་_100_,རྒྱས་_100_,རྒྱས་_100_
[ང་_100_],ང་_100_,ང་_100_,ང་_100_,ང་_100_
[ཡི་_100_],ཡི་_100_,ཡི་_100_,ཡི་_100_,ཡི་_100_
[སྨོན་_100_],སྨོན་_100_,སྨོན་_100_,སྨོན་_100_,སྨོན་_100_
[ལམ་_100_],ལམ་_100_,ལམ་_100_,ལམ་_100_,ལམ་_100_
[གྱིས_100_],གྱིས_100_,གྱིས_100_,གྱིས_100_,གྱིས_100_
[༔_100_],༔_100_,༔_100_,༔_100_,༔_100_
[ཀུན་_100_],ཀུན་_100_,ཀུན་_100_,ཀུན་_100_,ཀུན་_100_
ཀྱིས་_40_,ཀྱིས་_40_,[གྱི་_60_],གྱི་_60_,གྱི་_60_
[རིག་_100_],རིག་_100_,རིག་_100_,རིག་_100_,རིག་_100_
[པ་_100_],པ་_100_,པ་_100_,པ་_100_,པ་_100_
ངོ་_40_,ངོ་_40_,[རང་_60_],རང་_60_,རང་_60_
[ཤེས་_100_],ཤེས་_100_,ཤེས་_100_,ཤེས་_100_,ཤེས་_100_
[ཤོག_100_],ཤོག_100_,ཤོག_100_,ཤོག_100_,ཤོག_100_
[༔_100_],༔_100_,༔_100_,༔_100_,༔_100_
[ལྷན་_100_],ལྷན་_100_,ལྷན་_100_,ལྷན་_100_,ལྷན་_100_
[ཅིག་_100_],ཅིག་_100_,ཅིག་_100_,ཅིག་_100_,ཅིག་_100_
[སྐྱེས་_100_],སྐྱེས་_100_,སྐྱེས་_100_,སྐྱེས་_100_,སྐྱེས་_100_
[པའི་_100_],པའི་_100_,པའི་_100_,པའི་_100_,པའི་_100_
[མ་_100_],མ་_100_,མ་_100_,མ་_100_,མ་_100_
[རིག་_100_],རིག་_100_,རིག་_100_,རིག་_100_,རིག་_100_
[པ_100_],པ_100_,པ_100_,པ_100_,པ_100_
[༔_100_],༔_100_,༔_100_,༔_100_,༔_100_
[ཤེས་_100_],ཤེས་_100_,ཤེས་_100_,ཤེས་_100_,ཤེས་_100_
[པ་_100_],པ་_100_,པ་_100_,པ་_100_,པ་_100_
[དྲན་_100_],དྲན་_100_,དྲན་_100_,དྲན་_100_,དྲན་_100_
[མེད་_100_],མེད་_100_,མེད་_100_,མེད་_100_,མེད་_100_
[ཡེངས་_100_],ཡེངས་_100_,ཡེངས་_100_,ཡེངས་_100_,ཡེངས་_100_
[པ་_100_],པ་_100_,པ་_100_,པ་_100_,པ་_100_
[ཡིན_100_],ཡིན_100_,ཡིན_100_,ཡིན_100_,ཡིན_100_
[༔_100_],༔_100_,༔_100_,༔_100_,༔_100_
[ཀུན་_100_],ཀུན་_100_,ཀུན་_100_,ཀུན་_100_,ཀུན་_100_
[ཏུ་_100_],ཏུ་_100_,ཏུ་_100_,ཏུ་_100_,ཏུ་_100_
[བཏགས་_80_],བཏགས་_80_,བཏགས་_80_,བཏགས་_80_,བརྟགས་_20_
[པའི་_100_],པའི་_100_,པའི་_100_,པའི་_100_,པའི་_100_
[མ་_100_],མ་_100_,མ་_100_,མ་_100_,མ་_100_
[རིག་_100_],རིག་_100_,རིག་_100_,རིག་_100_,རིག་_100_
བ_40_,བ_40_,[པ_60_],པ_60_,པ_60_
[༔_100_],༔_100_,༔_100_,༔_100_,༔_100_
[བདག་_100_],བདག་_100_,བདག་_100_,བདག་_100_,བདག་_100_
[གཞན་_100_],གཞན་_100_,གཞན་_100_,གཞན་_100_,གཞན་_100_
[གཉིས་_100_],གཉིས་_100_,གཉིས་_100_,གཉིས་_100_,གཉིས་_100_
[སུ་_100_],སུ་_100_,སུ་_100_,སུ་_100_,སུ་_100_
[འཛིན་_100_],འཛིན་_100_,འཛིན་_100_,འཛིན་_100_,འཛིན་_100_
[པ་_100_],པ་_100_,པ་_100_,པ་_100_,པ་_100_
[ཡིན_100_],ཡིན_100_,ཡིན_100_,ཡིན_100_,ཡིན_100_
[༔_100_],༔_100_,༔_100_,༔_100_,༔_100_
[ལྷན་_100_],ལྷན་_100_,ལྷན་_100_,ལྷན་_100_,ལྷན་_100_
[སྐྱེས་_100_],སྐྱེས་_100_,སྐྱེས་_100_,སྐྱེས་_100_,སྐྱེས་_100_
[ཀུན་_100_],ཀུན་_100_,ཀུན་_100_,ཀུན་_100_,ཀུན་_100_
[བཏགས་_80_],བཏགས་_80_,བཏགས་_80_,བཏགས་_80_,བརྟགས་_20_
[མ་_100_],མ་_100_,མ་_100_,མ་_100_,མ་_100_
[རིག་_100_],རིག་_100_,རིག་_100_,རིག་_100_,རིག་_100_
[གཉིས_100_],གཉིས_100_,གཉིས_100_,གཉིས_100_,གཉིས_100_
[༔_100_],༔_100_,༔_100_,༔_100_,༔_100_
[སེམས་_100_],སེམས་_100_,སེམས་_100_,སེམས་_100_,སེམས་_100_
[ཅན་_100_],ཅན་_100_,ཅན་_100_,ཅན་_100_,ཅན་_100_
[ཀུན་_100_],ཀུན་_100_,ཀུན་_100_,ཀུན་_100_,ཀུན་_100_
[གྱི་_100_],གྱི་_100_,གྱི་_100_,གྱི་_100_,གྱི་_100_
[འཁྲུལ་_100_],འཁྲུལ་_100_,འཁྲུལ་_100_,འཁྲུལ་_100_,འཁྲུལ་_100_
[གཞི་_100_],གཞི་_100_,གཞི་_100_,གཞི་_100_,གཞི་_100_
[ཡིན_100_],ཡིན_100_,ཡིན_100_,ཡིན_100_,ཡིན_100_
[༔_100_],༔_100_,༔_100_,༔_100_,༔_100_
[སངས་_100_],སངས་_100_,སངས་_100_,སངས་_100_,སངས་_100_
[རྒྱས་_100_],རྒྱས་_100_,རྒྱས་_100_,རྒྱས་_100_,རྒྱས་_100_
[ང་_100_],ང་_100_,ང་_100_,ང་_100_,ང་_100_
[ཡི་_100_],ཡི་_100_,ཡི་_100_,ཡི་_100_,ཡི་_100_
[སྨོན་_100_],སྨོན་_100_,སྨོན་_100_,སྨོན་_100_,སྨོན་_100_
[ལམ་_100_],ལམ་_100_,ལམ་_100_,ལམ་_100_,ལམ་_100_
[གྱིས_100_],གྱིས_100_,གྱིས_100_,གྱིས_100_,གྱིས_100_
[༔_100_],༔_100_,༔_100_,༔_100_,༔_100_
[འཁོར་_100_],འཁོར་_100_,འཁོར་_100_,འཁོར་_100_,འཁོར་_100_
[བའི་_100_],བའི་_100_,བའི་_100_,བའི་_100_,བའི་_100_
[སེམས་_100_],སེམས་_100_,སེམས་_100_,སེམས་_100_,སེམས་_100_
[ཅན་_100_],ཅན་_100_,ཅན་_100_,ཅན་_100_,ཅན་_100_
[ཐམས་_100_],ཐམས་_100_,ཐམས་_100_,ཐམས་_100_,ཐམས་_100_
[ཅད་_100_],ཅད་_100_,ཅད་_100_,ཅད་_100_,ཅད་_100_
ཀུན_40_,ཀུན_40_,[ཀྱི_60_],ཀྱི_60_,ཀྱི_60_
[༔_100_],༔_100_,༔_100_,༔_100_,༔_100_
[དྲན་_100_],དྲན་_100_,དྲན་_100_,དྲན་_100_,དྲན་_100_
[མེད་_100_],མེད་_100_,མེད་_100_,མེད་_100_,མེད་_100_
[འཐིབས་_100_],འཐིབས་_100_,འཐིབས་_100_,འཐིབས་_100_,འཐིབས་_100_
[པའི་_100_],པའི་_100_,པའི་_100_,པའི་_100_,པའི་_100_
[མུན་_100_],མུན་_100_,མུན་_100_,མུན་_100_,མུན་_100_
[པ་_100_],པ་_100_,པ་_100_,པ་_100_,པ་_100_
[སངས_100_],སངས_100_,སངས_100_,སངས_100_,སངས_100_
[༔_100_],༔_100_,༔_100_,༔_100_,༔_100_
[གཉིས་_100_],གཉིས་_100_,གཉིས་_100_,གཉིས་_100_,གཉིས་_100_
[སུ་_100_],སུ་_100_,སུ་_100_,སུ་_100_,སུ་_100_
[འཛིན་_100_],འཛིན་_100_,འཛིན་_100_,འཛིན་_100_,འཛིན་_100_
[པའི་_100_],པའི་_100_,པའི་_100_,པའི་_100_,པའི་_100_
[ཤེས་_100_],ཤེས་_100_,ཤེས་_100_,ཤེས་_100_,ཤེས་_100_
[པ་_100_],པ་_100_,པ་_100_,པ་_100_,པ་_100_
དང_40_,དང_40_,[དྭངས_60_],དྭངས_60_,དྭངས_60_
[༔_100_],༔_100_,༔_100_,༔_100_,༔_100_
[རིག་_100_],རིག་_100_,རིག་_100_,རིག་_100_,རིག་_100_
[པ་_60_],པ་_60_,པའི་_40_,པའི་_40_,པ་_60_
[རང་_100_],རང་_100_,རང་_100_,རང་_100_,རང་_100_
[ངོ་_100_],ངོ་_100_,ངོ་_100_,ངོ་_100_,ངོ་_100_
[ཤེས་_100_],ཤེས་_100_,ཤེས་_100_,ཤེས་_100_,ཤེས་_100_
[པར་_100_],པར་_100_,པར་_100_,པར་_100_,པར་_100_
[ཤོག_100_],ཤོག_100_,ཤོག_100_,ཤོག_100_,ཤོག_100_
[༔_100_],༔_100_,༔_100_,༔_100_,༔_100_
[གཉིས་_100_],གཉིས་_100_,གཉིས་_100_,གཉིས་_100_,གཉིས་_100_
[འཛིན་_100_],འཛིན་_100_,འཛིན་_100_,འཛིན་_100_,འཛིན་_100_
[བློ་_100_],བློ་_100_,བློ་_100_,བློ་_100_,བློ་_100_
[ནི་_100_],ནི་_100_,ནི་_100_,ནི་_100_,ནི་_100_
[ཐེ་_100_],ཐེ་_100_,ཐེ་_100_,ཐེ་_100_,ཐེ་_100_
[ཚོམ་_100_],ཚོམ་_100_,ཚོམ་_100_,ཚོམ་_100_,ཚོམ་_100_
[སྟེ_100_],སྟེ_100_,སྟེ_100_,སྟེ_100_,སྟེ_100_
[༔_100_],༔_100_,༔_100_,༔_100_,༔_100_
[ཞེན་_100_],ཞེན་_100_,ཞེན་_100_,ཞེན་_100_,ཞེན་_100_
[པ་_100_],པ་_100_,པ་_100_,པ་_100_,པ་_100_
[ཕྲ་_100_],ཕྲ་_100_,ཕྲ་_100_,ཕྲ་_100_,ཕྲ་_100_
[མོ་_100_],མོ་_100_,མོ་_100_,མོ་_100_,མོ་_100_
[སྐྱེས་_100_],སྐྱེས་_100_,སྐྱེས་_100_,སྐྱེས་_100_,སྐྱེས་_100_
[པ་_100_],པ་_100_,པ་_100_,པ་_100_,པ་_100_
[ལས_100_],ལས_100_,ལས_100_,ལས_100_,ལས_100_
[༔_100_],༔_100_,༔_100_,༔_100_,༔_100_
[བག་_100_],བག་_100_,བག་_100_,བག་_100_,བག་_100_
[ཆགས་_100_],ཆགས་_100_,ཆགས་_100_,ཆགས་_100_,ཆགས་_100_
[འཐུག་_80_],འཐུག་_80_,མཐུག་_20_,འཐུག་_80_,འཐུག་_80_
[པོ་_100_],པོ་_100_,པོ་_100_,པོ་_100_,པོ་_100_
[རིམ་_100_],རིམ་_100_,རིམ་_100_,རིམ་_100_,རིམ་_100_
[གྱིས་_100_],གྱིས་_100_,གྱིས་_100_,གྱིས་_100_,གྱིས་_100_
[བརྟས_100_],བརྟས_100_,བརྟས_100_,བརྟས_100_,བརྟས_100_
[༔_100_],༔_100_,༔_100_,༔_100_,༔_100_
[ཟས་_100_],ཟས་_100_,ཟས་_100_,ཟས་_100_,ཟས་_100_
[ནོར་_100_],ནོར་_100_,ནོར་_100_,ནོར་_100_,ནོར་_100_
གེས་_40_,གེས་_40_,[གོས་_60_],གོས་_60_,གོས་_60_
[དང་_100_],དང་_100_,དང་_100_,དང་_100_,དང་_100_
[གནས་_100_],གནས་_100_,གནས་_100_,གནས་_100_,གནས་_100_
[དང་_100_],དང་_100_,དང་_100_,དང་_100_,དང་_100_
[གྲོགས_100_],གྲོགས_100_,གྲོགས_100_,གྲོགས_100_,གྲོགས_100_
[༔_100_],༔_100_,༔_100_,༔_100_,༔_100_
[འདོད་_100_],འདོད་_100_,འདོད་_100_,འདོད་_100_,འདོད་_100_
[ཡོན་_100_],ཡོན་_100_,ཡོན་_100_,ཡོན་_100_,ཡོན་_100_
[ལྔ་_100_],ལྔ་_100_,ལྔ་_100_,ལྔ་_100_,ལྔ་_100_
[དང་_100_],དང་_100_,དང་_100_,དང་_100_,དང་_100_
[བྱམས་_100_],བྱམས་_100_,བྱམས་_100_,བྱམས་_100_,བྱམས་_100_
[པའི་_100_],པའི་_100_,པའི་_100_,པའི་_100_,པའི་_100_
[གཉེན_100_],གཉེན_100_,གཉེན_100_,གཉེན_100_,གཉེན_100_
[༔_100_],༔_100_,༔_100_,༔_100_,༔_100_
[ཡིད་_100_],ཡིད་_100_,ཡིད་_100_,ཡིད་_100_,ཡིད་_100_
[འོང་_100_],འོང་_100_,འོང་_100_,འོང་_100_,འོང་_100_
[ཆགས་_100_],ཆགས་_100_,ཆགས་_100_,ཆགས་_100_,ཆགས་_100_
[པའི་_100_],པའི་_100_,པའི་_100_,པའི་_100_,པའི་_100_
[འདོད་_100_],འདོད་_100_,འདོད་_100_,འདོད་_100_,འདོད་_100_
[པས་_100_],པས་_100_,པས་_100_,པས་_100_,པས་_100_
[གདུང་_60_],གདུང་_60_,གདུངས_40_,གདུངས_40_,གདུང་_60_
[༔_100_],༔_100_,༔_100_,༔_100_,༔_100_
[དེ་_100_],དེ་_100_,དེ་_100_,དེ་_100_,དེ་_100_
[དག་_100_],དག་_100_,དག་_100_,དག་_100_,དག་_100_
[འཇིག་_100_],འཇིག་_100_,འཇིག་_100_,འཇིག་_100_,འཇིག་_100_
[རྟེན་_100_],རྟེན་_100_,རྟེན་_100_,རྟེན་_100_,རྟེན་_100_
[འཁྲུལ་_100_],འཁྲུལ་_100_,འཁྲུལ་_100_,འཁྲུལ་_100_,འཁྲུལ་_100_
[པ་_60_],པ་_60_,ས་_20_,བ་_20_,པ་_60_
[སྟེ_100_],སྟེ_100_,སྟེ_100_,སྟེ_100_,སྟེ_100_
[༔_100_],༔_100_,༔_100_,༔_100_,༔_100_
[གཟུང་_100_],གཟུང་_100_,གཟུང་_100_,གཟུང་_100_,གཟུང་_100_
[འཛིན་_100_],འཛིན་_100_,འཛིན་_100_,འཛིན་_100_,འཛིན་_100_
[ལས་_100_],ལས་_100_,ལས་_100_,ལས་_100_,ལས་_100_
[ལ་_100_],ལ་_100_,ལ་_100_,ལ་_100_,ལ་_100_
[ཟད་_100_],ཟད་_100_,ཟད་_100_,ཟད་_100_,ཟད་_100_
[མཐའ་_100_],མཐའ་_100_,མཐའ་_100_,མཐའ་_100_,མཐའ་_100_
[མེད_100_],མེད_100_,མེད_100_,མེད_100_,མེད_100_
[༔_100_],༔_100_,༔_100_,༔_100_,༔_100_
[ཞེན་_100_],ཞེན་_100_,ཞེན་_100_,ཞེན་_100_,ཞེན་_100_
[པའི་_100_],པའི་_100_,པའི་_100_,པའི་_100_,པའི་_100_
[འབྲས་_100_],འབྲས་_100_,འབྲས་_100_,འབྲས་_100_,འབྲས་_100_
[བུ་_100_],བུ་_100_,བུ་_100_,བུ་_100_,བུ་_100_
[སྨིན་_100_],སྨིན་_100_,སྨིན་_100_,སྨིན་_100_,སྨིན་_100_
[པའི་_100_],པའི་_100_,པའི་_100_,པའི་_100_,པའི་_100_
[ཚེ_100_],ཚེ_100_,ཚེ_100_,ཚེ_100_,ཚེ_100_
[༔_100_],༔_100_,༔_100_,༔_100_,༔_100_
[བརྐམ་_60_],བརྐམ་_60_,རྐམ་_40_,རྐམ་_40_,བརྐམ་_60_
[ཆགས་_100_],ཆགས་_100_,ཆགས་_100_,ཆགས་_100_,ཆགས་_100_
[གདུང་_100_],གདུང་_100_,གདུང་_100_,གདུང་_100_,གདུང་_100_
པའི་_40_,པའི་_40_,[བའི་_60_],བའི་_60_,བའི་_60_
[ཡི་_100_],ཡི་_100_,ཡི་_100_,ཡི་_100_,ཡི་_100_
[དྭགས་_100_],དྭགས་_100_,དྭགས་_100_,དྭགས་_100_,དྭགས་_100_
[སུ_100_],སུ_100_,སུ_100_,སུ_100_,སུ_100_
[༔_100_],༔_100_,༔_100_,༔_100_,༔_100_
[སྐྱེས་_100_],སྐྱེས་_100_,སྐྱེས་_100_,སྐྱེས་_100_,སྐྱེས་_100_
[ནས་_100_],ནས་_100_,ནས་_100_,ནས་_100_,ནས་_100_
[བཀྲེས་_100_],བཀྲེས་_100_,བཀྲེས་_100_,བཀྲེས་_100_,བཀྲེས་_100_
[སྐོམ་_100_],སྐོམ་_100_,སྐོམ་_100_,སྐོམ་_100_,སྐོམ་_100_
[ཡ་_100_],ཡ་_100_,ཡ་_100_,ཡ་_100_,ཡ་_100_
[རེ་_100_],རེ་_100_,རེ་_100_,རེ་_100_,རེ་_100_
[ང་_100_],ང་_100_,ང་_100_,ང་_100_,ང་_100_
[༔_100_],༔_100_,༔_100_,༔_100_,༔_100_
[སངས་_100_],སངས་_100_,སངས་_100_,སངས་_100_,སངས་_100_
[རྒྱས་_100_],རྒྱས་_100_,རྒྱས་_100_,རྒྱས་_100_,རྒྱས་_100_
[ང་_100_],ང་_100_,ང་_100_,ང་_100_,ང་_100_
[ཡི་_100_],ཡི་_100_,ཡི་_100_,ཡི་_100_,ཡི་_100_
[སྨོན་_100_],སྨོན་_100_,སྨོན་_100_,སྨོན་_100_,སྨོན་_100_
[ལམ་_100_],ལམ་_100_,ལམ་_100_,ལམ་_100_,ལམ་_100_
[གྱིས_100_],གྱིས_100_,གྱིས_100_,གྱིས_100_,གྱིས_100_
[༔_100_],༔_100_,༔_100_,༔_100_,༔_100_
[འདོད་_100_],འདོད་_100_,འདོད་_100_,འདོད་_100_,འདོད་_100_
[ཆགས་_100_],ཆགས་_100_,ཆགས་_100_,ཆགས་_100_,ཆགས་_100_
[ཞེན་_100_],ཞེན་_100_,ཞེན་_100_,ཞེན་_100_,ཞེན་_100_
[པའི་_100_],པའི་_100_,པའི་_100_,པའི་_100_,པའི་_100_
[སེམས་_100_],སེམས་_100_,སེམས་_100_,སེམས་_100_,སེམས་_100_
[ཅན་_100_],ཅན་_100_,ཅན་_100_,ཅན་_100_,ཅན་_100_
[རྣམས_100_],རྣམས_100_,རྣམས_100_,རྣམས_100_,རྣམས_100_
[༔_100_],༔_100_,༔_100_,༔_100_,༔_100_
[འདོད་_100_],འདོད་_100_,འདོད་_100_,འདོད་_100_,འདོད་_100_
[པའི་_100_],པའི་_100_,པའི་_100_,པའི་_100_,པའི་_100_
[གདུང་_100_],གདུང་_100_,གདུང་_100_,གདུང་_100_,གདུང་_100_
[བ་_100_],བ་_100_,བ་_100_,བ་_100_,བ་_100_
[ཕྱིར་_100_],ཕྱིར་_100_,ཕྱིར་_100_,ཕྱིར་_100_,ཕྱིར་_100_
[མ་_100_],མ་_100_,མ་_100_,མ་_100_,མ་_100_
[སྤངས_100_],སྤངས_100_,སྤངས_100_,སྤངས_100_,སྤངས_100_
[༔_100_],༔_100_,༔_100_,༔_100_,༔_100_
[འདོད་_100_],འདོད་_100_,འདོད་_100_,འདོད་_100_,འདོད་_100_
[ཆགས་_100_],ཆགས་_100_,ཆགས་_100_,ཆགས་_100_,ཆགས་_100_
[ཞེན་_100_],ཞེན་_100_,ཞེན་_100_,ཞེན་_100_,ཞེན་_100_
[པ་_100_],པ་_100_,པ་_100_,པ་_100_,པ་_100_
[ཚུར་_100_],ཚུར་_100_,ཚུར་_100_,ཚུར་_100_,ཚུར་_100_
[མ་_100_],མ་_100_,མ་_100_,མ་_100_,མ་_100_
[བླངས_60_],བླངས_60_,བླངས་_40_,བླངས_60_,བླངས་_40_
[༔_100_],༔_100_,༔_100_,༔_100_,༔_100_
[ཤེས་_100_],ཤེས་_100_,ཤེས་_100_,ཤེས་_100_,ཤེས་_100_
[པ་_100_],པ་_100_,པ་_100_,པ་_100_,པ་_100_
[རང་_100_],རང་_100_,རང་_100_,རང་_100_,རང་_100_
སར་སློད་_40_,སར་སློད་_40_,[སོར་གློད་_60_],སོར་གློད་_60_,སོར་གློད་_60_
[པ་_100_],པ་_100_,པ་_100_,པ་_100_,པ་_100_
[ཡིས_100_],ཡིས_100_,ཡིས_100_,ཡིས_100_,ཡིས_100_
[༔_100_],༔_100_,༔_100_,༔_100_,༔_100_
[རིག་_100_],རིག་_100_,རིག་_100_,རིག་_100_,རིག་_100_
[པ་_100_],པ་_100_,པ་_100_,པ་_100_,པ་_100_
[རང་_100_],རང་_100_,རང་_100_,རང་_100_,རང་_100_
[སོ་_100_],སོ་_100_,སོ་_100_,སོ་_100_,སོ་_100_
[ཟིན་_100_],ཟིན་_100_,ཟིན་_100_,ཟིན་_100_,ཟིན་_100_
[གྱུར་_100_],གྱུར་_100_,གྱུར་_100_,གྱུར་_100_,གྱུར་_100_
[ནས_100_],ནས_100_,ནས_100_,ནས_100_,ནས_100_
[༔_100_],༔_100_,༔_100_,༔_100_,༔_100_
[ཀུན་_100_],ཀུན་_100_,ཀུན་_100_,ཀུན་_100_,ཀུན་_100_
[རྟོག་_100_],རྟོག་_100_,རྟོག་_100_,རྟོག་_100_,རྟོག་_100_
[ཡེ་_100_],ཡེ་_100_,ཡེ་_100_,ཡེ་_100_,ཡེ་_100_
[ཤེས་_100_],ཤེས་_100_,ཤེས་_100_,ཤེས་_100_,ཤེས་_100_
[ཐོབ་བར་_40_],ཐོབ་བར་_40_,ཐེབ་པར་_40_,ཐེབ་པར་_40_,ཐོབ་པར་_20_
[ཤོག_100_],ཤོག_100_,ཤོག_100_,ཤོག_100_,ཤོག_100_
[༔_100_],༔_100_,༔_100_,༔_100_,༔_100_
[ཕྱི་_100_],ཕྱི་_100_,ཕྱི་_100_,ཕྱི་_100_,ཕྱི་_100_
[རོལ་_100_],རོལ་_100_,རོལ་_100_,རོལ་_100_,རོལ་_100_
[ཡུལ་_100_],ཡུལ་_100_,ཡུལ་_100_,ཡུལ་_100_,ཡུལ་_100_
[གྱི་_100_],གྱི་_100_,གྱི་_100_,གྱི་_100_,གྱི་_100_
[སྣང་_100_],སྣང་_100_,སྣང་_100_,སྣང་_100_,སྣང་_100_
[བ་_100_],བ་_100_,བ་_100_,བ་_100_,བ་_100_
[ལ_100_],ལ_100_,ལ_100_,ལ_100_,ལ_100_
[༔_100_],༔_100_,༔_100_,༔_100_,༔_100_
[འཇིགས་_100_],འཇིགས་_100_,འཇིགས་_100_,འཇིགས་_100_,འཇིགས་_100_
[སྐྲག་_100_],སྐྲག་_100_,སྐྲག་_100_,སྐྲག་_100_,སྐྲག་_100_
[ཤེས་_100_],ཤེས་_100_,ཤེས་_100_,ཤེས་_100_,ཤེས་_100_
[པ་_100_],པ་_100_,པ་_100_,པ་_100_,པ་_100_
[ཕྲ་_100_],ཕྲ་_100_,ཕྲ་_100_,ཕྲ་_100_,ཕྲ་_100_
[མོ་_100_],མོ་_100_,མོ་_100_,མོ་_100_,མོ་_100_
[འགྱུས_100_],འགྱུས_100_,འགྱུས_100_,འགྱུས_100_,འགྱུས_100_
[༔_100_],༔_100_,༔_100_,༔_100_,༔_100_
[སྡང་_100_],སྡང་_100_,སྡང་_100_,སྡང་_100_,སྡང་_100_
[བའི་_80_],བའི་_80_,པའི་_20_,བའི་_80_,བའི་_80_
[བག་_100_],བག་_100_,བག་_100_,བག་_100_,བག་_100_
[ཆགས་_100_],ཆགས་_100_,ཆགས་_100_,ཆགས་_100_,ཆགས་_100_
[བརྟས་_100_],བརྟས་_100_,བརྟས་_100_,བརྟས་_100_,བརྟས་_100_
[པ་_100_],པ་_100_,པ་_100_,པ་_100_,པ་_100_
[ལས_100_],ལས_100_,ལས_100_,ལས_100_,ལས_100_
[༔_100_],༔_100_,༔_100_,༔_100_,༔_100_
[དགྲར་_100_],དགྲར་_100_,དགྲར་_100_,དགྲར་_100_,དགྲར་_100_
[འཛིན་རྟོག་པ་རག་བ་_40_],འཛིན་རྟོག་པ་རག་བ་_40_,འཛིན་བརྡོགསོད་ཧྲགས་པ་_20_,འཛིན་བརྡོག་སོད་ཧྲགས་པ་_20_,འཛིན་རྡེག་གསོད་ཧྲག་པ་_20_
[སྐྱེས_100_],སྐྱེས_100_,སྐྱེས_100_,སྐྱེས_100_,སྐྱེས_100_
[༔_100_],༔_100_,༔_100_,༔_100_,༔_100_
[ཞེ་_100_],ཞེ་_100_,ཞེ་_100_,ཞེ་_100_,ཞེ་_100_
[སྡང་_100_],སྡང་_100_,སྡང་_100_,སྡང་_100_,སྡང་_100_
[འབྲས་_100_],འབྲས་_100_,འབྲས་_100_,འབྲས་_100_,འབྲས་_100_
[བུ་_100_],བུ་_100_,བུ་_100_,བུ་_100_,བུ་_100_
[སྨིན་_100_],སྨིན་_100_,སྨིན་_100_,སྨིན་_100_,སྨིན་_100_
[པའི་_100_],པའི་_100_,པའི་_100_,པའི་_100_,པའི་_100_
[ཚེ_100_],ཚེ_100_,ཚེ_100_,ཚེ_100_,ཚེ_100_
[༔_100_],༔_100_,༔_100_,༔_100_,༔_100_
[དམྱལ་_100_],དམྱལ་_100_,དམྱལ་_100_,དམྱལ་_100_,དམྱལ་_100_
[བའི་_100_],བའི་_100_,བའི་_100_,བའི་_100_,བའི་_100_
[བཙོ་_100_],བཙོ་_100_,བཙོ་_100_,བཙོ་_100_,བཙོ་_100_
[བསྲེགས་_40_],བསྲེགས་_40_,སྲེག་_40_,སྲེག་_40_,བསྲེག་_20_
[སྡུག་_100_],སྡུག་_100_,སྡུག་_100_,སྡུག་_100_,སྡུག་_100_
[རེ་_100_],རེ་_100_,རེ་_100_,རེ་_100_,རེ་_100_
[བསྔལ_100_],བསྔལ_100_,བསྔལ_100_,བསྔལ_100_,བསྔལ_100_
[༔_100_],༔_100_,༔_100_,༔_100_,༔_100_
[སངས་_100_],སངས་_100_,སངས་_100_,སངས་_100_,སངས་_100_
[རྒྱས་_100_],རྒྱས་_100_,རྒྱས་_100_,རྒྱས་_100_,རྒྱས་_100_
[ང་_100_],ང་_100_,ང་_100_,ང་_100_,ང་_100_
[ཡི་_80_],ཡི་_80_,ཡིས་_20_,ཡི་_80_,ཡི་_80_
[སྨོན་_100_],སྨོན་_100_,སྨོན་_100_,སྨོན་_100_,སྨོན་_100_
[ལམ་_100_],ལམ་_100_,ལམ་_100_,ལམ་_100_,ལམ་_100_
[གྱིས_100_],གྱིས_100_,གྱིས_100_,གྱིས_100_,གྱིས_100_
[༔_100_],༔_100_,༔_100_,༔_100_,༔_100_
[འགྲོ་_100_],འགྲོ་_100_,འགྲོ་_100_,འགྲོ་_100_,འགྲོ་_100_
[དྲུག་_100_],དྲུག་_100_,དྲུག་_100_,དྲུག་_100_,དྲུག་_100_
[སེམས་_100_],སེམས་_100_,སེམས་_100_,སེམས་_100_,སེམས་_100_
[ཅན་_100_],ཅན་_100_,ཅན་_100_,ཅན་_100_,ཅན་_100_
[ཐམས་_100_],ཐམས་_100_,ཐམས་_100_,ཐམས་_100_,ཐམས་_100_
[ཅད་_100_],ཅད་_100_,ཅད་_100_,ཅད་_100_,ཅད་_100_
[ཀུན_40_],ཀུན_40_,ཀྱི_20_,ཀྱིས_40_,ཀྱིས_40_
[༔_100_],༔_100_,༔_100_,༔_100_,༔_100_
[ཞེ་_100_],ཞེ་_100_,ཞེ་_100_,ཞེ་_100_,ཞེ་_100_
[སྡང་_100_],སྡང་_100_,སྡང་_100_,སྡང་_100_,སྡང་_100_
[དྲག་_100_],དྲག་_100_,དྲག་_100_,དྲག་_100_,དྲག་_100_
[པོ་_100_],པོ་_100_,པོ་_100_,པོ་_100_,པོ་_100_
[སྐྱེས་_100_],སྐྱེས་_100_,སྐྱེས་_100_,སྐྱེས་_100_,སྐྱེས་_100_
[པའི་_100_],པའི་_100_,པའི་_100_,པའི་_100_,པའི་_100_
[ཚེ_100_],ཚེ_100_,ཚེ_100_,ཚེ_100_,ཚེ_100_
[༔_100_],༔_100_,༔_100_,༔_100_,༔_100_
[སྤང་_100_],སྤང་_100_,སྤང་_100_,སྤང་_100_,སྤང་_100_
[བླང་_100_],བླང་_100_,བླང་_100_,བླང་_100_,བླང་_100_
[མི་_100_],མི་_100_,མི་_100_,མི་_100_,མི་_100_
བྱ་_40_,བྱ་_40_,[བྱེད་_60_],བྱེད་_60_,བྱེད་_60_
[རང་_100_],རང་_100_,རང་_100_,རང་_100_,རང་_100_
[སར་གློད_40_],སར་གློད_40_,སོར་གློད_40_,སོར་གློད_40_,སར་ཀློད_20_
[༔_100_],༔_100_,༔_100_,༔_100_,༔_100_
[རིག་_100_],རིག་_100_,རིག་_100_,རིག་_100_,རིག་_100_
[པ་_100_],པ་_100_,པ་_100_,པ་_100_,པ་_100_
[རང་_100_],རང་_100_,རང་_100_,རང་_100_,རང་_100_
སོར་_40_,སོར་_40_,[སོ་_60_],སོ་_60_,སོ་_60_
[ཟིན་_100_],ཟིན་_100_,ཟིན་_100_,ཟིན་_100_,ཟིན་_100_
[གྱུར་_100_],གྱུར་_100_,གྱུར་_100_,གྱུར་_100_,གྱུར་_100_
[ནས_100_],ནས_100_,ནས_100_,ནས_100_,ནས_100_
[༔_100_],༔_100_,༔_100_,༔_100_,༔_100_
[གསལ་_100_],གསལ་_100_,གསལ་_100_,གསལ་_100_,གསལ་_100_
[བའི་_100_],བའི་_100_,བའི་_100_,བའི་_100_,བའི་_100_
[ཡེ་_100_],ཡེ་_100_,ཡེ་_100_,ཡེ་_100_,ཡེ་_100_
[ཤེས་_100_],ཤེས་_100_,ཤེས་_100_,ཤེས་_100_,ཤེས་_100_
[ཐོབ་_100_],ཐོབ་_100_,ཐོབ་_100_,ཐོབ་_100_,ཐོབ་_100_
[པར་_100_],པར་_100_,པར་_100_,པར་_100_,པར་_100_
[ཤོག_100_],ཤོག_100_,ཤོག_100_,ཤོག_100_,ཤོག_100_
[༔_100_],༔_100_,༔_100_,༔_100_,༔_100_
[རང་_100_],རང་_100_,རང་_100_,རང་_100_,རང་_100_
[སེམས་_100_],སེམས་_100_,སེམས་_100_,སེམས་_100_,སེམས་_100_
[ཁེངས་_100_],ཁེངས་_100_,ཁེངས་_100_,ཁེངས་_100_,ཁེངས་_100_
[པར་_100_],པར་_100_,པར་_100_,པར་_100_,པར་_100_
[གྱུར་_100_],གྱུར་_100_,གྱུར་_100_,གྱུར་_100_,གྱུར་_100_
[པ་_100_],པ་_100_,པ་_100_,པ་_100_,པ་_100_
[ལ_80_],ལ_80_,ལ_80_,ལ_80_,ལས_20_
[༔_100_],༔_100_,༔_100_,༔_100_,༔_100_
[གཞན་_100_],གཞན་_100_,གཞན་_100_,གཞན་_100_,གཞན་_100_
[ལ་_100_],ལ་_100_,ལ་_100_,ལ་_100_,ལ་_100_
[འགྲན་_100_],འགྲན་_100_,འགྲན་_100_,འགྲན་_100_,འགྲན་_100_
[སེམས་_100_],སེམས་_100_,སེམས་_100_,སེམས་_100_,སེམས་_100_
[སྨད་_100_],སྨད་_100_,སྨད་_100_,སྨད་_100_,སྨད་_100_
[པའི་_100_],པའི་_100_,པའི་_100_,པའི་_100_,པའི་_100_
བློས_40_,བློས_40_,[བློ_60_],བློ_60_,བློ_60_
[༔_100_],༔_100_,༔_100_,༔_100_,༔_100_
[ང་_100_],ང་_100_,ང་_100_,ང་_100_,ང་_100_
[རྒྱལ་_100_],རྒྱལ་_100_,རྒྱལ་_100_,རྒྱལ་_100_,རྒྱལ་_100_
[དྲག་པོའི་_80_],དྲག་པོའི་_80_,དྲག་པོའི་_80_,དྲག་པོའི་_80_,དྲེགས་པའི་_20_
[སེམས་_100_],སེམས་_100_,སེམས་_100_,སེམས་_100_,སེམས་_100_
[སྐྱེས་_60_],སྐྱེས་_60_,བསྐྱེས་_20_,བསྐྱེད་_20_,སྐྱེས་_60_
[པས_100_],པས_100_,པས_100_,པས_100_,པས_100_
[༔_100_],༔_100_,༔_100_,༔_100_,༔_100_
[བདག་_100_],བདག་_100_,བདག་_100_,བདག་_100_,བདག་_100_
[གཞན་_100_],གཞན་_100_,གཞན་_100_,གཞན་_100_,གཞན་_100_
འཐབས་_40_,འཐབས་_40_,[འཐབ་_60_],འཐབ་_60_,འཐབ་_60_
[རྩོད་_100_],རྩོད་_100_,རྩོད་_100_,རྩོད་_100_,རྩོད་_100_
[སྡུག་_100_],སྡུག་_100_,སྡུག་_100_,སྡུག་_100_,སྡུག་_100_
[བསྔལ་_100_],བསྔལ་_100_,བསྔལ་_100_,བསྔལ་_100_,བསྔལ་_100_
[མྱོང་_60_],མྱོང་_60_,མྱོང_20_,མྱོང་_60_,སྤྱོད_20_
[༔_100_],༔_100_,༔_100_,༔_100_,༔_100_
[ལས་_100_],ལས་_100_,ལས་_100_,ལས་_100_,ལས་_100_
[དེའི་_100_],དེའི་_100_,དེའི་_100_,དེའི་_100_,དེའི་_100_
[འབྲས་_100_],འབྲས་_100_,འབྲས་_100_,འབྲས་_100_,འབྲས་_100_
[བུ་_100_],བུ་_100_,བུ་_100_,བུ་_100_,བུ་_100_
[སྨིན་_100_],སྨིན་_100_,སྨིན་_100_,སྨིན་_100_,སྨིན་_100_
[པའི་_100_],པའི་_100_,པའི་_100_,པའི་_100_,པའི་_100_
[ཚེ_100_],ཚེ_100_,ཚེ_100_,ཚེ_100_,ཚེ_100_
[༔_100_],༔_100_,༔_100_,༔_100_,༔_100_
[འཕོ་_100_],འཕོ་_100_,འཕོ་_100_,འཕོ་_100_,འཕོ་_100_
[ལྟུང་_100_],ལྟུང་_100_,ལྟུང་_100_,ལྟུང་_100_,ལྟུང་_100_
[མྱོང་_100_],མྱོང་_100_,མྱོང་_100_,མྱོང་_100_,མྱོང་_100_
[བའི་_100_],བའི་_100_,བའི་_100_,བའི་_100_,བའི་_100_
[ལྷ་_100_],ལྷ་_100_,ལྷ་_100_,ལྷ་_100_,ལྷ་_100_
[རུ་_100_],རུ་_100_,རུ་_100_,རུ་_100_,རུ་_100_
[སྐྱེ_80_],སྐྱེ_80_,སྐྱེ_80_,སྐྱེས_20_,སྐྱེ_80_
[༔_100_],༔_100_,༔_100_,༔_100_,༔_100_
[སངས་_100_],སངས་_100_,སངས་_100_,སངས་_100_,སངས་_100_
[རྒྱས་_100_],རྒྱས་_100_,རྒྱས་_100_,རྒྱས་_100_,རྒྱས་_100_
[ང་_100_],ང་_100_,ང་_100_,ང་_100_,ང་_100_
[ཡི་_100_],ཡི་_100_,ཡི་_100_,ཡི་_100_,ཡི་_100_
[སྨོན་_100_],སྨོན་_100_,སྨོན་_100_,སྨོན་_100_,སྨོན་_100_
[ལམ་_100_],ལམ་_100_,ལམ་_100_,ལམ་_100_,ལམ་_100_
[གྱིས_100_],གྱིས_100_,གྱིས_100_,གྱིས_100_,གྱིས_100_
[༔_100_],༔_100_,༔_100_,༔_100_,༔_100_
[ཁེངས་_100_],ཁེངས་_100_,ཁེངས་_100_,ཁེངས་_100_,ཁེངས་_100_
[སེམས་_100_],སེམས་_100_,སེམས་_100_,སེམས་_100_,སེམས་_100_
[སྐྱེས་_100_],སྐྱེས་_100_,སྐྱེས་_100_,སྐྱེས་_100_,སྐྱེས་_100_
[པའི་_100_],པའི་_100_,པའི་_100_,པའི་_100_,པའི་_100_
[སེམས་_100_],སེམས་_100_,སེམས་_100_,སེམས་_100_,སེམས་_100_
[ཅན་_100_],ཅན་_100_,ཅན་_100_,ཅན་_100_,ཅན་_100_
[རྣམས_100_],རྣམས_100_,རྣམས_100_,རྣམས_100_,རྣམས_100_
[༔_100_],༔_100_,༔_100_,༔_100_,༔_100_
[དེ་_100_],དེ་_100_,དེ་_100_,དེ་_100_,དེ་_100_
[ཚེ་_100_],ཚེ་_100_,ཚེ་_100_,ཚེ་_100_,ཚེ་_100_
[ཤེས་_100_],ཤེས་_100_,ཤེས་_100_,ཤེས་_100_,ཤེས་_100_
[པ་_100_],པ་_100_,པ་_100_,པ་_100_,པ་_100_
[རང་_100_],རང་_100_,རང་_100_,རང་_100_,རང་_100_
[སོར་_100_],སོར་_100_,སོར་_100_,སོར་_100_,སོར་_100_
[སློད_40_],སློད_40_,གློད_40_,གློད_40_,ཀློད_20_
[༔_100_],༔_100_,༔_100_,༔_100_,༔_100_
[རིག་_100_],རིག་_100_,རིག་_100_,རིག་_100_,རིག་_100_
[པ་_100_],པ་_100_,པ་_100_,པ་_100_,པ་_100_
[རང་_100_],རང་_100_,རང་_100_,རང་_100_,རང་_100_
ངོ་ཤེས་_40_,ངོ་ཤེས་_40_,[སོ་ཟིན་_60_],སོ་ཟིན་_60_,སོ་ཟིན་_60_
[གྱུར་_100_],གྱུར་_100_,གྱུར་_100_,གྱུར་_100_,གྱུར་_100_
[ནས_100_],ནས_100_,ནས_100_,ནས_100_,ནས_100_
[༔_100_],༔_100_,༔_100_,༔_100_,༔_100_
[མཉམ་_100_],མཉམ་_100_,མཉམ་_100_,མཉམ་_100_,མཉམ་_100_
[པ་_100_],པ་_100_,པ་_100_,པ་_100_,པ་_100_
[ཉིད་_100_],ཉིད་_100_,ཉིད་_100_,ཉིད་_100_,ཉིད་_100_
[ཀྱི་_100_],ཀྱི་_100_,ཀྱི་_100_,ཀྱི་_100_,ཀྱི་_100_
[དོན་_100_],དོན་_100_,དོན་_100_,དོན་_100_,དོན་_100_
[རྟོགས་_100_],རྟོགས་_100_,རྟོགས་_100_,རྟོགས་_100_,རྟོགས་_100_
[ཤོག_100_],ཤོག_100_,ཤོག_100_,ཤོག_100_,ཤོག_100_
[༔_100_],༔_100_,༔_100_,༔_100_,༔_100_
[གཉིས་_100_],གཉིས་_100_,གཉིས་_100_,གཉིས་_100_,གཉིས་_100_
[འཛིན་_100_],འཛིན་_100_,འཛིན་_100_,འཛིན་_100_,འཛིན་_100_
[བརྟས་_100_],བརྟས་_100_,བརྟས་_100_,བརྟས་_100_,བརྟས་_100_
[པའི་_100_],པའི་_100_,པའི་_100_,པའི་_100_,པའི་_100_
[བག་_100_],བག་_100_,བག་_100_,བག་_100_,བག་_100_
[ཆགས་_100_],ཆགས་_100_,ཆགས་_100_,ཆགས་_100_,ཆགས་_100_
[ཀྱིས_100_],ཀྱིས_100_,ཀྱིས_100_,ཀྱིས_100_,ཀྱིས_100_
[༔_100_],༔_100_,༔_100_,༔_100_,༔_100_
[བདག་_100_],བདག་_100_,བདག་_100_,བདག་_100_,བདག་_100_
[བསྟོད་_100_],བསྟོད་_100_,བསྟོད་_100_,བསྟོད་_100_,བསྟོད་_100_
[གཞན་_100_],གཞན་_100_,གཞན་_100_,གཞན་_100_,གཞན་_100_
[སྨོད་_100_],སྨོད་_100_,སྨོད་_100_,སྨོད་_100_,སྨོད་_100_
[ཟུག་_100_],ཟུག་_100_,ཟུག་_100_,ཟུག་_100_,ཟུག་_100_
[རྔུའི་_100_],རྔུའི་_100_,རྔུའི་_100_,རྔུའི་_100_,རྔུའི་_100_
[ལས_100_],ལས_100_,ལས_100_,ལས_100_,ལས_100_
[༔_100_],༔_100_,༔_100_,༔_100_,༔_100_
[འཐབ་_100_],འཐབ་_100_,འཐབ་_100_,འཐབ་_100_,འཐབ་_100_
[རྩོད་_100_],རྩོད་_100_,རྩོད་_100_,རྩོད་_100_,རྩོད་_100_
[འགྲན་_100_],འགྲན་_100_,འགྲན་_100_,འགྲན་_100_,འགྲན་_100_
[སེམས་_100_],སེམས་_100_,སེམས་_100_,སེམས་_100_,སེམས་_100_
[བརྟས་_100_],བརྟས་_100_,བརྟས་_100_,བརྟས་_100_,བརྟས་_100_
[པ་_100_],པ་_100_,པ་_100_,པ་_100_,པ་_100_
[ལས_100_],ལས_100_,ལས_100_,ལས_100_,ལས_100_
[༔_100_],༔_100_,༔_100_,༔_100_,༔_100_
[གསོད་_100_],གསོད་_100_,གསོད་_100_,གསོད་_100_,གསོད་_100_
[གཅོད་_100_],གཅོད་_100_,གཅོད་_100_,གཅོད་_100_,གཅོད་_100_
[ལྷ་_100_],ལྷ་_100_,ལྷ་_100_,ལྷ་_100_,ལྷ་_100_
[མིན་_100_],མིན་_100_,མིན་_100_,མིན་_100_,མིན་_100_
[གནས་_100_],གནས་_100_,གནས་_100_,གནས་_100_,གནས་_100_
[སུ་_100_],སུ་_100_,སུ་_100_,སུ་_100_,སུ་_100_
[སྐྱེས_60_],སྐྱེས_60_,སྐྱེ_40_,སྐྱེས_60_,སྐྱེ_40_
[༔_100_],༔_100_,༔_100_,༔_100_,༔_100_
[འབྲས་_100_],འབྲས་_100_,འབྲས་_100_,འབྲས་_100_,འབྲས་_100_
[བུ་_100_],བུ་_100_,བུ་_100_,བུ་_100_,བུ་_100_
[དམྱལ་_100_],དམྱལ་_100_,དམྱལ་_100_,དམྱལ་_100_,དམྱལ་_100_
[བའི་_100_],བའི་_100_,བའི་_100_,བའི་_100_,བའི་_100_
[གནས་_100_],གནས་_100_,གནས་_100_,གནས་_100_,གནས་_100_
[སུ་_100_],སུ་_100_,སུ་_100_,སུ་_100_,སུ་_100_
[ལྟུང་_100_],ལྟུང་_100_,ལྟུང་_100_,ལྟུང་_100_,ལྟུང་_100_
[༔_100_],༔_100_,༔_100_,༔_100_,༔_100_
[སངས་_100_],སངས་_100_,སངས་_100_,སངས་_100_,སངས་_100_
[རྒྱས་_100_],རྒྱས་_100_,རྒྱས་_100_,རྒྱས་_100_,རྒྱས་_100_
[ང་_100_],ང་_100_,ང་_100_,ང་_100_,ང་_100_
[ཡི་_100_],ཡི་_100_,ཡི་_100_,ཡི་_100_,ཡི་_100_
[སྨོན་_100_],སྨོན་_100_,སྨོན་_100_,སྨོན་_100_,སྨོན་_100_
[ལམ་_100_],ལམ་_100_,ལམ་_100_,ལམ་_100_,ལམ་_100_
[གྱིས_100_],གྱིས_100_,གྱིས_100_,གྱིས_100_,གྱིས_100_
[༔_100_],༔_100_,༔_100_,༔_100_,༔_100_
[འགྲན་_100_],འགྲན་_100_,འགྲན་_100_,འགྲན་_100_,འགྲན་_100_
[སེམས་_100_],སེམས་_100_,སེམས་_100_,སེམས་_100_,སེམས་_100_
[འཐབ་_100_],འཐབ་_100_,འཐབ་_100_,འཐབ་_100_,འཐབ་_100_
[རྩོད་_100_],རྩོད་_100_,རྩོད་_100_,རྩོད་_100_,རྩོད་_100_
[སྐྱེས་_100_],སྐྱེས་_100_,སྐྱེས་_100_,སྐྱེས་_100_,སྐྱེས་_100_
[པ་_100_],པ་_100_,པ་_100_,པ་_100_,པ་_100_
[རྣམས_100_],རྣམས_100_,རྣམས_100_,རྣམས_100_,རྣམས_100_
[༔_100_],༔_100_,༔_100_,༔_100_,༔_100_
[དགྲར་_100_],དགྲར་_100_,དགྲར་_100_,དགྲར་_100_,དགྲར་_100_
[འཛིན་_100_],འཛིན་_100_,འཛིན་_100_,འཛིན་_100_,འཛིན་_100_
[མི་_100_],མི་_100_,མི་_100_,མི་_100_,མི་_100_
[བྱ་_100_],བྱ་_100_,བྱ་_100_,བྱ་_100_,བྱ་_100_
[རང་_100_],རང་_100_,རང་_100_,རང་_100_,རང་_100_
[སར་སློད_40_],སར་སློད_40_,སོར་གློད_40_,སོར་གློད_40_,སོར་ཀློད_20_
[༔_100_],༔_100_,༔_100_,༔_100_,༔_100_
[ཤེས་_100_],ཤེས་_100_,ཤེས་_100_,ཤེས་_100_,ཤེས་_100_
[པ་_100_],པ་_100_,པ་_100_,པ་_100_,པ་_100_
[རང་_100_],རང་_100_,རང་_100_,རང་_100_,རང་_100_
སོར་_40_,སོར་_40_,[སོ་_60_],སོ་_60_,སོ་_60_
[ཟིན་_100_],ཟིན་_100_,ཟིན་_100_,ཟིན་_100_,ཟིན་_100_
[གྱུར་_100_],གྱུར་_100_,གྱུར་_100_,གྱུར་_100_,གྱུར་_100_
[ནས_100_],ནས_100_,ནས_100_,ནས_100_,ནས_100_
[༔_100_],༔_100_,༔_100_,༔_100_,༔_100_
[ཕྲིན་_80_],ཕྲིན་_80_,ཕྲིན་_80_,འཕྲིན་_20_,ཕྲིན་_80_
ལས་ཡེ་ཤེས་ཐོགས་མེད་_40_,ལས་ཡེ་ཤེས་ཐོགས་མེད་_40_,[ལས་ཐོགས་མེད་ཡེ་ཤེས་_60_],ལས་ཐོགས་མེད་ཡེ་ཤེས་_60_,ལས་ཐོགས་མེད་ཡེ་ཤེས་_60_
[ཤོག_100_],ཤོག_100_,ཤོག_100_,ཤོག_100_,ཤོག_100_
[༔_100_],༔_100_,༔_100_,༔_100_,༔_100_
[དྲན་_100_],དྲན་_100_,དྲན་_100_,དྲན་_100_,དྲན་_100_
[མེད་_100_],མེད་_100_,མེད་_100_,མེད་_100_,མེད་_100_
[བཏང་_100_],བཏང་_100_,བཏང་_100_,བཏང་_100_,བཏང་_100_
[སྙོམས་_100_],སྙོམས་_100_,སྙོམས་_100_,སྙོམས་_100_,སྙོམས་_100_
[ཡེངས་_100_],ཡེངས་_100_,ཡེངས་_100_,ཡེངས་_100_,ཡེངས་_100_
[པ་_100_],པ་_100_,པ་_100_,པ་_100_,པ་_100_
[ཡིས_100_],ཡིས_100_,ཡིས_100_,ཡིས_100_,ཡིས_100_
[༔_100_],༔_100_,༔_100_,༔_100_,༔_100_
[འཐིབ་_60_],འཐིབ་_60_,འཐིབས་_40_,འཐིབས་_40_,འཐིབ་_60_
[དང་_100_],དང་_100_,དང་_100_,དང་_100_,དང་_100_
[རྨུགས་_100_],རྨུགས་_100_,རྨུགས་_100_,རྨུགས་_100_,རྨུགས་_100_
[དང་_100_],དང་_100_,དང་_100_,དང་_100_,དང་_100_
བྱིང་_40_,བྱིང་_40_,[བརྗེད་_60_],བརྗེད་_60_,བརྗེད་_60_
[པ་_100_],པ་_100_,པ་_100_,པ་_100_,པ་_100_
[དང་_100_],དང་_100_,དང་_100_,དང་_100_,དང་_100_
[༔_100_],༔_100_,༔_100_,༔_100_,༔_100_
[བརྒྱལ་_100_],བརྒྱལ་_100_,བརྒྱལ་_100_,བརྒྱལ་_100_,བརྒྱལ་_100_
[དང་_100_],དང་_100_,དང་_100_,དང་_100_,དང་_100_
[ལེ་_100_],ལེ་_100_,ལེ་_100_,ལེ་_100_,ལེ་_100_
[ལོ་_100_],ལོ་_100_,ལོ་_100_,ལོ་_100_,ལོ་_100_
[གཏི་_100_],གཏི་_100_,གཏི་_100_,གཏི་_100_,གཏི་_100_
[མུག་_100_],མུག་_100_,མུག་_100_,མུག་_100_,མུག་_100_
[གིས_60_],གིས_60_,པས_40_,གིས_60_,པས_40_
[༔_100_],༔_100_,༔_100_,༔_100_,༔_100_
[འབྲས་_100_],འབྲས་_100_,འབྲས་_100_,འབྲས་_100_,འབྲས་_100_
[བུ་_100_],བུ་_100_,བུ་_100_,བུ་_100_,བུ་_100_
[སྐྱབས་_100_],སྐྱབས་_100_,སྐྱབས་_100_,སྐྱབས་_100_,སྐྱབས་_100_
[མེད་_100_],མེད་_100_,མེད་_100_,མེད་_100_,མེད་_100_
[བྱོལ་_100_],བྱོལ་_100_,བྱོལ་_100_,བྱོལ་_100_,བྱོལ་_100_
[སོང་_100_],སོང་_100_,སོང་_100_,སོང་_100_,སོང་_100_
[འཁྱམས_100_],འཁྱམས_100_,འཁྱམས_100_,འཁྱམས_100_,འཁྱམས_100_
[༔_100_],༔_100_,༔_100_,༔_100_,༔_100_
[སངས་_100_],སངས་_100_,སངས་_100_,སངས་_100_,སངས་_100_
[རྒྱས་_100_],རྒྱས་_100_,རྒྱས་_100_,རྒྱས་_100_,རྒྱས་_100_
[ང་_100_],ང་_100_,ང་_100_,ང་_100_,ང་_100_
[ཡི་_100_],ཡི་_100_,ཡི་_100_,ཡི་_100_,ཡི་_100_
[སྨོན་_100_],སྨོན་_100_,སྨོན་_100_,སྨོན་_100_,སྨོན་_100_
[ལམ་_100_],ལམ་_100_,ལམ་_100_,ལམ་_100_,ལམ་_100_
[གྱིས_100_],གྱིས_100_,གྱིས_100_,གྱིས_100_,གྱིས_100_
[༔_100_],༔_100_,༔_100_,༔_100_,༔_100_
[གཏི་_100_],གཏི་_100_,གཏི་_100_,གཏི་_100_,གཏི་_100_
[མུག་_100_],མུག་_100_,མུག་_100_,མུག་_100_,མུག་_100_
[བྱིང་_100_],བྱིང་_100_,བྱིང་_100_,བྱིང་_100_,བྱིང་_100_
[བའི་_60_],བའི་_60_,པའི་_40_,བའི་_60_,པའི་_40_
[མུན་_100_],མུན་_100_,མུན་_100_,མུན་_100_,མུན་_100_
[པ་_100_],པ་_100_,པ་_100_,པ་_100_,པ་_100_
[ལ_100_],ལ_100_,ལ_100_,ལ_100_,ལ_100_
[༔_100_],༔_100_,༔_100_,༔_100_,༔_100_
[དྲན་_100_],དྲན་_100_,དྲན་_100_,དྲན་_100_,དྲན་_100_
[པ་_100_],པ་_100_,པ་_100_,པ་_100_,པ་_100_
[གསལ་_100_],གསལ་_100_,གསལ་_100_,གསལ་_100_,གསལ་_100_
[བའི་_100_],བའི་_100_,བའི་_100_,བའི་_100_,བའི་_100_
[མདངས་_100_],མདངས་_100_,མདངས་_100_,མདངས་_100_,མདངས་_100_
[ཤར་_100_],ཤར་_100_,ཤར་_100_,ཤར་_100_,ཤར་_100_
[ནས_80_],ནས_80_,ནས_80_,ནས_80_,བས_20_
[༔_100_],༔_100_,༔_100_,༔_100_,༔_100_
[རྟོག་_100_],རྟོག་_100_,རྟོག་_100_,རྟོག་_100_,རྟོག་_100_
[མེད་_100_],མེད་_100_,མེད་_100_,མེད་_100_,མེད་_100_
[ཡེ་_80_],ཡེ་_80_,མེ་_20_,ཡེ་_80_,ཡེ་_80_
[ཤེས་_100_],ཤེས་_100_,ཤེས་_100_,ཤེས་_100_,ཤེས་_100_
[ཐོབ་_100_],ཐོབ་_100_,ཐོབ་_100_,ཐོབ་_100_,ཐོབ་_100_
[པར་_100_],པར་_100_,པར་_100_,པར་_100_,པར་_100_
[ཤོག_100_],ཤོག_100_,ཤོག_100_,ཤོག_100_,ཤོག_100_
[༔_100_],༔_100_,༔_100_,༔_100_,༔_100_
[ཁམས་_100_],ཁམས་_100_,ཁམས་_100_,ཁམས་_100_,ཁམས་_100_
[གསུམ་_100_],གསུམ་_100_,གསུམ་_100_,གསུམ་_100_,གསུམ་_100_
[སེམས་_100_],སེམས་_100_,སེམས་_100_,སེམས་_100_,སེམས་_100_
[ཅན་_100_],ཅན་_100_,ཅན་_100_,ཅན་_100_,ཅན་_100_
[ཐམས་_100_],ཐམས་_100_,ཐམས་_100_,ཐམས་_100_,ཐམས་_100_
[ཅད་_100_],ཅད་_100_,ཅད་_100_,ཅད་_100_,ཅད་_100_
[ཀུན_100_],ཀུན_100_,ཀུན_100_,ཀུན_100_,ཀུན_100_
[༔_100_],༔_100_,༔_100_,༔_100_,༔_100_
[ཀུན་_100_],ཀུན་_100_,ཀུན་_100_,ཀུན་_100_,ཀུན་_100_
[གཞི་_100_],གཞི་_100_,གཞི་_100_,གཞི་_100_,གཞི་_100_
[སངས་_100_],སངས་_100_,སངས་_100_,སངས་_100_,སངས་_100_
[རྒྱས་_100_],རྒྱས་_100_,རྒྱས་_100_,རྒྱས་_100_,རྒྱས་_100_
[ང་_100_],ང་_100_,ང་_100_,ང་_100_,ང་_100_
[དང་_100_],དང་_100_,དང་_100_,དང་_100_,དང་_100_
[མཉམ_100_],མཉམ_100_,མཉམ_100_,མཉམ_100_,མཉམ_100_
[༔_100_],༔_100_,༔_100_,༔_100_,༔_100_
[དྲན་_100_],དྲན་_100_,དྲན་_100_,དྲན་_100_,དྲན་_100_
[མེད་_100_],མེད་_100_,མེད་_100_,མེད་_100_,མེད་_100_
[འཁྲུལ་_100_],འཁྲུལ་_100_,འཁྲུལ་_100_,འཁྲུལ་_100_,འཁྲུལ་_100_
[པའི་_100_],པའི་_100_,པའི་_100_,པའི་_100_,པའི་_100_
རྒྱུ་_40_,རྒྱུ་_40_,[གཞི་_60_],གཞི་_60_,གཞི་_60_
[རུ་_100_],རུ་_100_,རུ་_100_,རུ་_100_,རུ་_100_
[སོང་_100_],སོང་_100_,སོང་_100_,སོང་_100_,སོང་_100_
[༔_100_],༔_100_,༔_100_,༔_100_,༔_100_
[ད་_100_],ད་_100_,ད་_100_,ད་_100_,ད་_100_
[ལྟ་_100_],ལྟ་_100_,ལྟ་_100_,ལྟ་_100_,ལྟ་_100_
[དོན་_100_],དོན་_100_,དོན་_100_,དོན་_100_,དོན་_100_
[མེད་_100_],མེད་_100_,མེད་_100_,མེད་_100_,མེད་_100_
[ལས་_100_],ལས་_100_,ལས་_100_,ལས་_100_,ལས་_100_
[ལ་_100_],ལ་_100_,ལ་_100_,ལ་_100_,ལ་_100_
[སྤྱོད_100_],སྤྱོད_100_,སྤྱོད_100_,སྤྱོད_100_,སྤྱོད_100_
[༔_100_],༔_100_,༔_100_,༔_100_,༔_100_
[ལས་_100_],ལས་_100_,ལས་_100_,ལས་_100_,ལས་_100_
[དྲུག་_100_],དྲུག་_100_,དྲུག་_100_,དྲུག་_100_,དྲུག་_100_
[རྨི་_100_],རྨི་_100_,རྨི་_100_,རྨི་_100_,རྨི་_100_
[ལམ་_100_],ལམ་_100_,ལམ་_100_,ལམ་_100_,ལམ་_100_
[འཁྲུལ་_100_],འཁྲུལ་_100_,འཁྲུལ་_100_,འཁྲུལ་_100_,འཁྲུལ་_100_
[པ་_100_],པ་_100_,པ་_100_,པ་_100_,པ་_100_
[འདྲ_100_],འདྲ_100_,འདྲ_100_,འདྲ_100_,འདྲ_100_
[༔_100_],༔_100_,༔_100_,༔_100_,༔_100_
[ང་_100_],ང་_100_,ང་_100_,ང་_100_,ང་_100_
[ནི་_100_],ནི་_100_,ནི་_100_,ནི་_100_,ནི་_100_
[སངས་_100_],སངས་_100_,སངས་_100_,སངས་_100_,སངས་_100_
[རྒྱས་_100_],རྒྱས་_100_,རྒྱས་_100_,རྒྱས་_100_,རྒྱས་_100_
[ཐོག་_100_],ཐོག་_100_,ཐོག་_100_,ཐོག་_100_,ཐོག་_100_
[མ་_100_],མ་_100_,མ་_100_,མ་_100_,མ་_100_
[ཡིན_100_],ཡིན_100_,ཡིན_100_,ཡིན_100_,ཡིན_100_
[༔_100_],༔_100_,༔_100_,༔_100_,༔_100_
[འགྲོ་_100_],འགྲོ་_100_,འགྲོ་_100_,འགྲོ་_100_,འགྲོ་_100_
[དྲུག་_100_],དྲུག་_100_,དྲུག་_100_,དྲུག་_100_,དྲུག་_100_
[སྤྲུལ་_100_],སྤྲུལ་_100_,སྤྲུལ་_100_,སྤྲུལ་_100_,སྤྲུལ་_100_
[པས་_100_],པས་_100_,པས་_100_,པས་_100_,པས་_100_
[འདུལ་_100_],འདུལ་_100_,འདུལ་_100_,འདུལ་_100_,འདུལ་_100_
[བའི་_100_],བའི་_100_,བའི་_100_,བའི་_100_,བའི་_100_
[ཕྱིར_100_],ཕྱིར_100_,ཕྱིར_100_,ཕྱིར_100_,ཕྱིར_100_
[༔_100_],༔_100_,༔_100_,༔_100_,༔_100_
[ཀུན་_100_],ཀུན་_100_,ཀུན་_100_,ཀུན་_100_,ཀུན་_100_
[ཏུ་_100_],ཏུ་_100_,ཏུ་_100_,ཏུ་_100_,ཏུ་_100_
[བཟང་_100_],བཟང་_100_,བཟང་_100_,བཟང་_100_,བཟང་_100_
[པོའི་_100_],པོའི་_100_,པོའི་_100_,པོའི་_100_,པོའི་_100_
[སྨོན་_100_],སྨོན་_100_,སྨོན་_100_,སྨོན་_100_,སྨོན་_100_
[ལམ་_100_],ལམ་_100_,ལམ་_100_,ལམ་_100_,ལམ་_100_
[གྱིས_100_],གྱིས_100_,གྱིས_100_,གྱིས_100_,གྱིས_100_
[༔_100_],༔_100_,༔_100_,༔_100_,༔_100_
[སེམས་_100_],སེམས་_100_,སེམས་_100_,སེམས་_100_,སེམས་_100_
[ཅན་_100_],ཅན་_100_,ཅན་_100_,ཅན་_100_,ཅན་_100_
[ཐམས་_100_],ཐམས་_100_,ཐམས་_100_,ཐམས་_100_,ཐམས་_100_
[ཅད་_100_],ཅད་_100_,ཅད་_100_,ཅད་_100_,ཅད་_100_
[མ་_100_],མ་_100_,མ་_100_,མ་_100_,མ་_100_
[ལུས་_100_],ལུས་_100_,ལུས་_100_,ལུས་_100_,ལུས་_100_
[པ_80_],པ_80_,པ_80_,བ_20_,པ_80_
[༔_100_],༔_100_,༔_100_,༔_100_,༔_100_
[ཆོས་_100_],ཆོས་_100_,ཆོས་_100_,ཆོས་_100_,ཆོས་_100_
[ཀྱི་_100_],ཀྱི་_100_,ཀྱི་_100_,ཀྱི་_100_,ཀྱི་_100_
[དབྱིངས་_100_],དབྱིངས་_100_,དབྱིངས་_100_,དབྱིངས་_100_,དབྱིངས་_100_
[སུ་_100_],སུ་_100_,སུ་_100_,སུ་_100_,སུ་_100_
སངས་རྒྱས་_40_,སངས་རྒྱས་_40_,[འཚང་རྒྱ་_60_],འཚང་རྒྱ་_60_,འཚང་རྒྱ་_60_
[ཤོག_100_],ཤོག_100_,ཤོག_100_,ཤོག_100_,ཤོག_100_
[༔_100_],༔_100_,༔_100_,༔_100_,༔_100_
[ཨ་_100_],ཨ་_100_,ཨ་_100_,ཨ་_100_,ཨ་_100_
[ཧོ_100_],ཧོ_100_,ཧོ_100_,ཧོ_100_,ཧོ_100_
[༔_100_],༔_100_,༔_100_,༔_100_,༔_100_
[ཕྱིན་_100_],ཕྱིན་_100_,ཕྱིན་_100_,ཕྱིན་_100_,ཕྱིན་_100_
[ཆད་_100_],ཆད་_100_,ཆད་_100_,ཆད་_100_,ཆད་_100_
[རྣལ་_100_],རྣལ་_100_,རྣལ་_100_,རྣལ་_100_,རྣལ་_100_
[འབྱོར་_100_],འབྱོར་_100_,འབྱོར་_100_,འབྱོར་_100_,འབྱོར་_100_
[སྟོབས་_100_],སྟོབས་_100_,སྟོབས་_100_,སྟོབས་_100_,སྟོབས་_100_
[ཆེན་_40_],ཆེན་_40_,ཅན་_40_,ཅན་_40_,ལྡན་_20_
[གྱིས_100_],གྱིས_100_,གྱིས_100_,གྱིས_100_,གྱིས_100_
[༔_100_],༔_100_,༔_100_,༔_100_,༔_100_
[འཁྲུལ་_100_],འཁྲུལ་_100_,འཁྲུལ་_100_,འཁྲུལ་_100_,འཁྲུལ་_100_
[མེད་_100_],མེད་_100_,མེད་_100_,མེད་_100_,མེད་_100_
[རིག་_100_],རིག་_100_,རིག་_100_,རིག་_100_,རིག་_100_
[པ་_100_],པ་_100_,པ་_100_,པ་_100_,པ་_100_
[རང་_100_],རང་_100_,རང་_100_,རང་_100_,རང་_100_
[གསལ་_100_],གསལ་_100_,གསལ་_100_,གསལ་_100_,གསལ་_100_
[ནས_100_],ནས_100_,ནས_100_,ནས_100_,ནས_100_
[༔_100_],༔_100_,༔_100_,༔_100_,༔_100_
[སྨོན་_100_],སྨོན་_100_,སྨོན་_100_,སྨོན་_100_,སྨོན་_100_
[ལམ་_100_],ལམ་_100_,ལམ་_100_,ལམ་_100_,ལམ་_100_
[སྟོབས་ཆེན་འདི་_60_],སྟོབས་ཆེན་འདི་_60_,སྟོབས་ཅན་འདི་_20_,སྟོབས་ཅནའདི་_20_,སྟོབས་ཆེན་འདི་_60_
[བཏབ་_100_],བཏབ་_100_,བཏབ་_100_,བཏབ་_100_,བཏབ་_100_
[པས_100_],པས_100_,པས_100_,པས_100_,པས_100_
[༔_100_],༔_100_,༔_100_,༔_100_,༔_100_
[འདི་_100_],འདི་_100_,འདི་_100_,འདི་_100_,འདི་_100_
ཐོབ་_40_,ཐོབ་_40_,[ཐོས་_60_],ཐོས་_60_,ཐོས་_60_
[སེམས་_100_],སེམས་_100_,སེམས་_100_,སེམས་_100_,སེམས་_100_
[ཅན་_100_],ཅན་_100_,ཅན་_100_,ཅན་_100_,ཅན་_100_
[ཐམས་_100_],ཐམས་_100_,ཐམས་_100_,ཐམས་_100_,ཐམས་_100_
[ཅད་_100_],ཅད་_100_,ཅད་_100_,ཅད་_100_,ཅད་_100_
[ཀུན_100_],ཀུན_100_,ཀུན_100_,ཀུན_100_,ཀུན_100_
[༔_100_],༔_100_,༔_100_,༔_100_,༔_100_
[སྐྱེ་_100_],སྐྱེ་_100_,སྐྱེ་_100_,སྐྱེ་_100_,སྐྱེ་_100_
[བ་_100_],བ་_100_,བ་_100_,བ་_100_,བ་_100_
[གསུམ་_100_],གསུམ་_100_,གསུམ་_100_,གསུམ་_100_,གསུམ་_100_
[ནས་_100_],ནས་_100_,ནས་_100_,ནས་_100_,ནས་_100_
[མངོན་_100_],མངོན་_100_,མངོན་_100_,མངོན་_100_,མངོན་_100_
[འཚང་_100_],འཚང་_100_,འཚང་_100_,འཚང་_100_,འཚང་_100_
[རྒྱ_100_],རྒྱ_100_,རྒྱ_100_,རྒྱ_100_,རྒྱ_100_
[༔_100_],༔_100_,༔_100_,༔_100_,༔_100_
[ཉི་_100_],ཉི་_100_,ཉི་_100_,ཉི་_100_,ཉི་_100_
[ཟླ་_100_],ཟླ་_100_,ཟླ་_100_,ཟླ་_100_,ཟླ་_100_
[གཟའ་_100_],གཟའ་_100_,གཟའ་_100_,གཟའ་_100_,གཟའ་_100_
[ཡིས་_100_],ཡིས་_100_,ཡིས་_100_,ཡིས་_100_,ཡིས་_100_
[ཟིན་_100_],ཟིན་_100_,ཟིན་_100_,ཟིན་_100_,ཟིན་_100_
[པའམ_100_],པའམ_100_,པའམ_100_,པའམ_100_,པའམ_100_
[༔_100_],༔_100_,༔_100_,༔_100_,༔_100_
[སྒྲ་_100_],སྒྲ་_100_,སྒྲ་_100_,སྒྲ་_100_,སྒྲ་_100_
[དང་_100_],དང་_100_,དང་_100_,དང་_100_,དང་_100_
[ས་_100_],ས་_100_,ས་_100_,ས་_100_,ས་_100_
[གཡོས་_100_],གཡོས་_100_,གཡོས་_100_,གཡོས་_100_,གཡོས་_100_
[བྱུང་_80_],བྱུང་_80_,བྱུང་_80_,འབྱུང་_20_,བྱུང་_80_
[བའམ_100_],བའམ_100_,བའམ_100_,བའམ_100_,བའམ_100_
[༔_100_],༔_100_,༔_100_,༔_100_,༔_100_
[ཉི་_100_],ཉི་_100_,ཉི་_100_,ཉི་_100_,ཉི་_100_
[མ་_100_],མ་_100_,མ་_100_,མ་_100_,མ་_100_
[ལྡོག་_100_],ལྡོག་_100_,ལྡོག་_100_,ལྡོག་_100_,ལྡོག་_100_
[འགྱུར་_100_],འགྱུར་_100_,འགྱུར་_100_,འགྱུར་_100_,འགྱུར་_100_
[ལོ་_100_],ལོ་_100_,ལོ་_100_,ལོ་_100_,ལོ་_100_
[འཕོ་_40_],འཕོ་_40_,འཕོས་_40_,འཕོས་_40_,འཕོའི་_20_
[དུས_100_],དུས_100_,དུས_100_,དུས_100_,དུས_100_
[༔_100_],༔_100_,༔_100_,༔_100_,༔_100_
[རང་_100_],རང་_100_,རང་_100_,རང་_100_,རང་_100_
[ཉིད་_100_],ཉིད་_100_,ཉིད་_100_,ཉིད་_100_,ཉིད་_100_
[ཀུན་_100_],ཀུན་_100_,ཀུན་_100_,ཀུན་_100_,ཀུན་_100_
[ཏུ་_100_],ཏུ་_100_,ཏུ་_100_,ཏུ་_100_,ཏུ་_100_
[བཟང་_100_],བཟང་_100_,བཟང་_100_,བཟང་_100_,བཟང་_100_
[པོར་_100_],པོར་_100_,པོར་_100_,པོར་_100_,པོར་_100_
[བསྐྱེད_100_],བསྐྱེད_100_,བསྐྱེད_100_,བསྐྱེད_100_,བསྐྱེད_100_
[༔_100_],༔_100_,༔_100_,༔_100_,༔_100_
[ཀུན་_100_],ཀུན་_100_,ཀུན་_100_,ཀུན་_100_,ཀུན་_100_
[གྱིས་_100_],གྱིས་_100_,གྱིས་_100_,གྱིས་_100_,གྱིས་_100_
[ཐོས་_100_],ཐོས་_100_,ཐོས་_100_,ཐོས་_100_,ཐོས་_100_
[པར་_100_],པར་_100_,པར་_100_,པར་_100_,པར་_100_
[འདི་_100_],འདི་_100_,འདི་_100_,འདི་_100_,འདི་_100_
[བརྗོད་_100_],བརྗོད་_100_,བརྗོད་_100_,བརྗོད་_100_,བརྗོད་_100_
[ན_100_],ན_100_,ན_100_,ན_100_,ན_100_
[༔_100_],༔_100_,༔_100_,༔_100_,༔_100_
[ཁམས་_100_],ཁམས་_100_,ཁམས་_100_,ཁམས་_100_,ཁམས་_100_
[གསུམ་_100_],གསུམ་_100_,གསུམ་_100_,གསུམ་_100_,གསུམ་_100_
[སེམས་_100_],སེམས་_100_,སེམས་_100_,སེམས་_100_,སེམས་_100_
[ཅན་_100_],ཅན་_100_,ཅན་_100_,ཅན་_100_,ཅན་_100_
[ཐམས་_100_],ཐམས་_100_,ཐམས་_100_,ཐམས་_100_,ཐམས་_100_
[ཅད་_100_],ཅད་_100_,ཅད་_100_,ཅད་_100_,ཅད་_100_
[ཀུན_60_],ཀུན_60_,ལ_40_,ལ_40_,ཀུན_60_
[༔_100_],༔_100_,༔_100_,༔_100_,༔_100_
[རྣལ་_100_],རྣལ་_100_,རྣལ་_100_,རྣལ་_100_,རྣལ་_100_
[འབྱོར་_100_],འབྱོར་_100_,འབྱོར་_100_,འབྱོར་_100_,འབྱོར་_100_
[དེ་_100_],དེ་_100_,དེ་_100_,དེ་_100_,དེ་_100_
[ཡི་_100_],ཡི་_100_,ཡི་_100_,ཡི་_100_,ཡི་_100_
[སྨོན་_100_],སྨོན་_100_,སྨོན་_100_,སྨོན་_100_,སྨོན་_100_
[ལམ་_100_],ལམ་_100_,ལམ་_100_,ལམ་_100_,ལམ་_100_
[གྱིས_100_],གྱིས_100_,གྱིས_100_,གྱིས_100_,གྱིས_100_
[༔_100_],༔_100_,༔_100_,༔_100_,༔_100_
[སྡུག་_100_],སྡུག་_100_,སྡུག་_100_,སྡུག་_100_,སྡུག་_100_
[བསྔལ་_100_],བསྔལ་_100_,བསྔལ་_100_,བསྔལ་_100_,བསྔལ་_100_
[རིམ་_100_],རིམ་_100_,རིམ་_100_,རིམ་_100_,རིམ་_100_
[གྱིས་_60_],གྱིས་_60_,བཞིན་_40_,བཞིན་_40_,གྱིས་_60_
[གྲོལ་_100_],གྲོལ་_100_,གྲོལ་_100_,གྲོལ་_100_,གྲོལ་_100_
[ནས་_100_],ནས་_100_,ནས་_100_,ནས་_100_,ནས་_100_
[ཀྱང་_100_],ཀྱང་_100_,ཀྱང་_100_,ཀྱང་_100_,ཀྱང་_100_
[༔_100_],༔_100_,༔_100_,༔_100_,༔_100_
[མཐར་ཐུག་_40_],མཐར་ཐུག་_40_,མཐའ་རུ་_40_,མཐར་རུ་_20_,མཐའ་རུ་_40_
[སངས་_100_],སངས་_100_,སངས་_100_,སངས་_100_,སངས་_100_
[རྒྱས་_100_],རྒྱས་_100_,རྒྱས་_100_,རྒྱས་_100_,རྒྱས་_100_
[ཐོབ་_100_],ཐོབ་_100_,ཐོབ་_100_,ཐོབ་_100_,ཐོབ་_100_
[པར་_100_],པར་_100_,པར་_100_,པར་_100_,པར་_100_
[ཤོག_100_],ཤོག_100_,ཤོག_100_,ཤོག_100_,ཤོག_100_
[༔_100_],༔_100_,༔_100_,༔_100_,༔_100_
[ཅེས་_80_],ཅེས་_80_,ཅེས་_80_,ཅེས་_80_,ཞེས་_20_
[གསུངས་_100_],གསུངས་_100_,གསུངས་_100_,གསུངས་_100_,གསུངས་_100_
[སོ_100_],སོ_100_,སོ_100_,སོ_100_,སོ_100_
[། །​_80_],། །​_80_,། །​_80_,། །​_80_,༔ །​_20_
[རྫོགས་_100_],རྫོགས་_100_,རྫོགས་_100_,རྫོགས་_100_,རྫོགས་_100_
[པ་_100_],པ་_100_,པ་_100_,པ་_100_,པ་_100_
[ཆེན་_100_],ཆེན་_100_,ཆེན་_100_,ཆེན་_100_,ཆེན་_100_
[པོ་_100_],པོ་_100_,པོ་_100_,པོ་_100_,པོ་_100_
[ཀུན་_100_],ཀུན་_100_,ཀུན་_100_,ཀུན་_100_,ཀུན་_100_
[ཏུ་_100_],ཏུ་_100_,ཏུ་_100_,ཏུ་_100_,ཏུ་_100_
[བཟང་_100_],བཟང་_100_,བཟང་_100_,བཟང་_100_,བཟང་_100_
[པོ་_80_],པོ་_80_,པོ་_80_,པོ་_80_,པོའི་_20_
[དགོངས་_100_],དགོངས་_100_,དགོངས་_100_,དགོངས་_100_,དགོངས་_100_
[པ་_100_],པ་_100_,པ་_100_,པ་_100_,པ་_100_
[ཟང་_100_],ཟང་_100_,ཟང་_100_,ཟང་_100_,ཟང་_100_
[ཐལ་_100_],ཐལ་_100_,ཐལ་_100_,ཐལ་_100_,ཐལ་_100_
[དུ་_100_],དུ་_100_,དུ་_100_,དུ་_100_,དུ་_100_
[བསྟན་_100_],བསྟན་_100_,བསྟན་_100_,བསྟན་_100_,བསྟན་_100_
[པའི་_100_],པའི་_100_,པའི་_100_,པའི་_100_,པའི་_100_
[རྒྱུད་_100_],རྒྱུད་_100_,རྒྱུད་_100_,རྒྱུད་_100_,རྒྱུད་_100_
[ལས་_40_],ལས་_40_,ལས། _20_,ལས༔        _20_,ལས༔ _20_
[སྨོན་_100_],སྨོན་_100_,སྨོན་_100_,སྨོན་_100_,སྨོན་_100_
[ལམ་_100_],ལམ་_100_,ལམ་_100_,ལམ་_100_,ལམ་_100_
[སྟོབས་_100_],སྟོབས་_100_,སྟོབས་_100_,སྟོབས་_100_,སྟོབས་_100_
[པོ་_100_],པོ་_100_,པོ་_100_,པོ་_100_,པོ་_100_
[ཆེ་_100_],ཆེ་_100_,ཆེ་_100_,ཆེ་_100_,ཆེ་_100_
[བཏབ་_100_],བཏབ་_100_,བཏབ་_100_,བཏབ་_100_,བཏབ་_100_
[པས་_100_],པས་_100_,པས་_100_,པས་_100_,པས་_100_
[སེམས་_100_],སེམས་_100_,སེམས་_100_,སེམས་_100_,སེམས་_100_
[ཅན་_100_],ཅན་_100_,ཅན་_100_,ཅན་_100_,ཅན་_100_
[ཐམས་_100_],ཐམས་_100_,ཐམས་_100_,ཐམས་_100_,ཐམས་_100_
[ཅད་_100_],ཅད་_100_,ཅད་_100_,ཅད་_100_,ཅད་_100_
[སངས་_100_],སངས་_100_,སངས་_100_,སངས་_100_,སངས་_100_
[མི་_100_],མི་_100_,མི་_100_,མི་_100_,མི་_100_
[རྒྱ་_100_],རྒྱ་_100_,རྒྱ་_100_,རྒྱ་_100_,རྒྱ་_100_
[བའི་_100_],བའི་_100_,བའི་_100_,བའི་_100_,བའི་_100_
[དབང་_100_],དབང་_100_,དབང་_100_,དབང་_100_,དབང་_100_
[མེད་_100_],མེད་_100_,མེད་_100_,མེད་_100_,མེད་_100_
[པར་_100_],པར་_100_,པར་_100_,པར་_100_,པར་_100_
[བསྟན་_100_],བསྟན་_100_,བསྟན་_100_,བསྟན་_100_,བསྟན་_100_
[པའི་_100_],པའི་_100_,པའི་_100_,པའི་_100_,པའི་_100_
[ལེའུ་_100_],ལེའུ་_100_,ལེའུ་_100_,ལེའུ་_100_,ལེའུ་_100_
[དགུ་_100_],དགུ་_100_,དགུ་_100_,དགུ་_100_,དགུ་_100_
[པ་ནས་ཁོལ་དུ་བྱུང་བའོ།        །​སརྦ་མངྒ་ལཾ།_40_],པ་ནས་ཁོལ་དུ་བྱུང་བའོ།        །​སརྦ་མངྒ་ལཾ།_40_,པ་ཁོལ་དུ་ཕྱུངས་པའོ། །​_20_,པ་ནས་ཁོལ་དུ་ཕྱུངས་བའོ། །​_20_,པའོ༔_20_
